-- phpMyAdmin SQL Dump
-- version 5.1.1
-- https://www.phpmyadmin.net/
--
-- Host: 127.0.0.1
-- Generation Time: Jul 15, 2022 at 04:15 AM
-- Server version: 10.4.21-MariaDB
-- PHP Version: 8.0.11

SET SQL_MODE = "NO_AUTO_VALUE_ON_ZERO";
START TRANSACTION;
SET time_zone = "+00:00";


/*!40101 SET @OLD_CHARACTER_SET_CLIENT=@@CHARACTER_SET_CLIENT */;
/*!40101 SET @OLD_CHARACTER_SET_RESULTS=@@CHARACTER_SET_RESULTS */;
/*!40101 SET @OLD_COLLATION_CONNECTION=@@COLLATION_CONNECTION */;
/*!40101 SET NAMES utf8mb4 */;

--
-- Database: `cat`
--

-- --------------------------------------------------------

--
-- Table structure for table `answers`
--

CREATE TABLE `answers` (
  `id` int(11) NOT NULL,
  `user_id` int(11) NOT NULL,
  `question_id` int(11) NOT NULL,
  `answer` varchar(1) NOT NULL,
  `date_created` timestamp NOT NULL DEFAULT current_timestamp()
) ENGINE=InnoDB DEFAULT CHARSET=utf8mb4;

--
-- Dumping data for table `answers`
--

INSERT INTO `answers` (`id`, `user_id`, `question_id`, `answer`, `date_created`) VALUES
(1, 3, 4, 'A', '2022-07-05 06:51:57'),
(2, 3, 5, 'B', '2022-07-05 06:51:57'),
(3, 3, 6, 'C', '2022-07-05 06:51:57'),
(4, 3, 4, 'A', '2022-07-05 06:52:31'),
(5, 3, 5, 'B', '2022-07-05 06:52:31'),
(6, 3, 6, 'C', '2022-07-05 06:52:31'),
(7, 3, 4, 'A', '2022-07-05 06:52:50'),
(8, 3, 5, 'B', '2022-07-05 06:52:50'),
(9, 3, 6, 'C', '2022-07-05 06:52:50'),
(10, 3, 31, 'A', '2022-07-05 06:53:16'),
(11, 3, 41, 'B', '2022-07-05 06:53:16'),
(12, 3, 42, 'C', '2022-07-05 06:53:16'),
(13, 3, 32, 'A', '2022-07-05 06:53:27'),
(14, 3, 39, 'B', '2022-07-05 06:53:27'),
(15, 3, 40, 'C', '2022-07-05 06:53:27'),
(16, 3, 33, 'A', '2022-07-05 06:53:37'),
(17, 3, 35, 'B', '2022-07-05 06:53:37'),
(18, 3, 36, 'C', '2022-07-05 06:53:37'),
(19, 3, 24, 'A', '2022-07-05 06:54:15'),
(20, 3, 25, 'B', '2022-07-05 06:54:15'),
(21, 3, 26, 'C', '2022-07-05 06:54:15'),
(22, 3, 27, 'A', '2022-07-05 08:17:39'),
(23, 3, 28, 'B', '2022-07-05 08:17:39'),
(24, 3, 29, 'C', '2022-07-05 08:17:39'),
(25, 3, 43, 'B', '2022-07-05 08:17:39'),
(26, 3, 44, 'B', '2022-07-05 08:17:39'),
(27, 3, 45, 'B', '2022-07-05 08:17:39'),
(28, 3, 46, 'B', '2022-07-05 08:17:39'),
(29, 3, 47, 'B', '2022-07-05 08:17:39'),
(30, 3, 48, 'B', '2022-07-05 08:17:39'),
(31, 3, 49, 'B', '2022-07-05 08:17:39'),
(32, 3, 50, 'B', '2022-07-05 08:17:39'),
(33, 3, 51, 'B', '2022-07-05 08:17:39'),
(34, 3, 52, 'B', '2022-07-05 08:17:39'),
(35, 3, 53, 'B', '2022-07-05 08:17:39'),
(36, 3, 54, 'B', '2022-07-05 08:17:39'),
(37, 3, 55, 'B', '2022-07-05 08:17:39'),
(38, 3, 56, 'B', '2022-07-05 08:17:39'),
(39, 3, 57, 'B', '2022-07-05 08:17:39'),
(40, 3, 58, 'B', '2022-07-05 08:17:39'),
(41, 3, 59, 'B', '2022-07-05 08:17:39'),
(42, 3, 60, 'B', '2022-07-05 08:17:39'),
(43, 3, 61, 'B', '2022-07-05 08:17:39'),
(44, 3, 62, 'B', '2022-07-05 08:17:39'),
(45, 3, 63, 'B', '2022-07-05 08:17:39'),
(46, 3, 64, 'B', '2022-07-05 08:17:39'),
(47, 3, 65, 'B', '2022-07-05 08:17:39'),
(48, 3, 66, 'B', '2022-07-05 08:17:39'),
(49, 3, 67, 'B', '2022-07-05 08:17:39'),
(50, 3, 68, 'B', '2022-07-05 08:17:39'),
(51, 3, 69, 'B', '2022-07-05 08:17:39'),
(52, 3, 70, 'B', '2022-07-05 08:17:39'),
(53, 3, 71, 'B', '2022-07-05 08:17:39'),
(54, 3, 72, 'B', '2022-07-05 08:17:39'),
(55, 3, 73, 'B', '2022-07-05 08:17:39'),
(56, 3, 74, 'B', '2022-07-05 08:17:39'),
(57, 3, 75, 'B', '2022-07-05 08:17:39'),
(58, 3, 76, 'B', '2022-07-05 08:17:39'),
(59, 3, 77, 'B', '2022-07-05 08:17:39'),
(60, 3, 78, 'B', '2022-07-05 08:17:39'),
(61, 3, 79, 'B', '2022-07-05 08:17:39'),
(62, 3, 80, 'B', '2022-07-05 08:17:39'),
(63, 3, 81, 'B', '2022-07-05 08:17:39'),
(64, 3, 82, 'B', '2022-07-05 08:17:39'),
(65, 3, 83, 'B', '2022-07-05 08:17:39'),
(66, 3, 84, 'B', '2022-07-05 08:17:39'),
(67, 3, 85, 'B', '2022-07-05 08:17:39'),
(68, 3, 86, 'B', '2022-07-05 08:17:39'),
(69, 3, 87, 'B', '2022-07-05 08:17:39'),
(70, 3, 88, 'B', '2022-07-05 08:17:39'),
(71, 3, 89, 'B', '2022-07-05 08:17:39'),
(72, 3, 90, 'B', '2022-07-05 08:17:39'),
(73, 3, 91, 'B', '2022-07-05 08:17:39'),
(74, 3, 92, 'B', '2022-07-05 08:17:39'),
(75, 3, 93, 'B', '2022-07-05 08:17:39'),
(76, 3, 94, 'B', '2022-07-05 08:17:39'),
(77, 3, 95, 'B', '2022-07-05 08:17:39'),
(78, 3, 96, 'B', '2022-07-05 08:17:39'),
(79, 3, 97, 'B', '2022-07-05 08:17:39'),
(80, 3, 98, 'B', '2022-07-05 08:17:39'),
(81, 3, 99, 'B', '2022-07-05 08:17:39'),
(82, 3, 100, 'B', '2022-07-05 08:17:39'),
(83, 3, 101, 'B', '2022-07-05 08:17:39'),
(84, 3, 102, 'B', '2022-07-05 08:17:39'),
(85, 3, 103, 'B', '2022-07-05 08:17:39'),
(86, 3, 104, 'B', '2022-07-05 08:17:39'),
(87, 3, 105, 'B', '2022-07-05 08:17:39'),
(88, 3, 106, 'A', '2022-07-05 08:17:39'),
(89, 3, 107, 'A', '2022-07-05 08:17:39'),
(90, 3, 108, 'A', '2022-07-05 08:17:39'),
(91, 3, 109, 'A', '2022-07-05 08:17:39'),
(92, 3, 110, 'A', '2022-07-05 08:17:39'),
(93, 3, 111, 'A', '2022-07-05 08:17:39'),
(94, 3, 112, 'A', '2022-07-05 08:17:39'),
(95, 3, 113, 'A', '2022-07-05 08:17:39'),
(96, 3, 114, 'A', '2022-07-05 08:17:39'),
(97, 3, 115, 'A', '2022-07-05 08:17:39'),
(98, 3, 116, 'A', '2022-07-05 08:17:39'),
(99, 3, 117, 'A', '2022-07-05 08:17:39'),
(100, 3, 118, 'A', '2022-07-05 08:17:39'),
(101, 3, 119, 'A', '2022-07-05 08:17:39'),
(102, 3, 120, 'A', '2022-07-05 08:17:39'),
(103, 3, 121, 'A', '2022-07-05 08:17:39'),
(104, 3, 122, 'A', '2022-07-05 08:17:39'),
(105, 3, 123, 'A', '2022-07-05 08:17:39'),
(106, 3, 124, 'A', '2022-07-05 08:17:39'),
(107, 3, 125, 'A', '2022-07-05 08:17:39'),
(108, 3, 126, 'A', '2022-07-05 08:17:39'),
(109, 3, 127, 'A', '2022-07-05 08:17:39'),
(110, 3, 128, 'A', '2022-07-05 08:17:39'),
(111, 3, 129, 'A', '2022-07-05 08:17:39'),
(112, 3, 130, 'A', '2022-07-05 08:17:39'),
(113, 3, 131, 'A', '2022-07-05 08:17:39'),
(114, 3, 132, 'A', '2022-07-05 08:17:39'),
(115, 3, 133, 'A', '2022-07-05 08:17:39'),
(116, 3, 134, 'A', '2022-07-05 08:17:39'),
(117, 3, 135, 'A', '2022-07-05 08:17:39'),
(118, 3, 136, 'A', '2022-07-05 08:17:39'),
(119, 3, 137, 'A', '2022-07-05 08:17:39'),
(120, 3, 138, 'A', '2022-07-05 08:17:39'),
(121, 3, 139, 'A', '2022-07-05 08:17:39'),
(122, 3, 140, 'A', '2022-07-05 08:17:39'),
(123, 3, 141, 'A', '2022-07-05 08:17:39'),
(124, 3, 142, 'A', '2022-07-05 08:17:39'),
(125, 3, 143, 'A', '2022-07-05 08:17:39'),
(126, 3, 144, 'A', '2022-07-05 08:17:39'),
(127, 3, 145, 'A', '2022-07-05 08:17:39'),
(128, 3, 146, 'A', '2022-07-05 08:17:39'),
(129, 3, 147, 'A', '2022-07-05 08:17:39'),
(130, 3, 148, 'A', '2022-07-05 08:17:39'),
(131, 3, 149, 'A', '2022-07-05 08:17:39'),
(132, 3, 150, 'A', '2022-07-05 08:17:39'),
(133, 3, 151, 'A', '2022-07-05 08:17:39'),
(134, 3, 152, 'A', '2022-07-05 08:17:39'),
(135, 3, 153, 'A', '2022-07-05 08:17:39'),
(136, 3, 154, 'A', '2022-07-05 08:17:39'),
(137, 3, 155, 'A', '2022-07-05 08:17:39'),
(138, 3, 156, 'A', '2022-07-05 08:17:39'),
(139, 3, 157, 'A', '2022-07-05 08:17:39'),
(140, 3, 158, 'A', '2022-07-05 08:17:39'),
(141, 3, 159, 'A', '2022-07-05 08:17:39'),
(142, 3, 33, 'A', '2022-07-05 10:55:53'),
(143, 3, 35, 'B', '2022-07-05 10:55:53'),
(144, 3, 36, 'C', '2022-07-05 10:55:53'),
(145, 3, 33, 'A', '2022-07-05 10:57:35'),
(146, 3, 35, 'B', '2022-07-05 10:57:35'),
(147, 3, 36, 'C', '2022-07-05 10:57:35'),
(148, 3, 33, 'A', '2022-07-05 10:58:13'),
(149, 3, 35, 'B', '2022-07-05 10:58:13'),
(150, 3, 36, 'B', '2022-07-05 10:58:13'),
(151, 3, 19, 'A', '2022-07-05 11:17:48'),
(152, 3, 20, '0', '2022-07-05 11:17:48'),
(153, 3, 21, 'A', '2022-07-05 11:17:48'),
(154, 3, 22, '0', '2022-07-05 11:17:48'),
(155, 3, 23, '0', '2022-07-05 11:17:48'),
(156, 3, 24, '0', '2022-07-05 11:17:48'),
(157, 3, 25, '0', '2022-07-05 11:17:48'),
(158, 3, 26, '0', '2022-07-05 11:17:48'),
(159, 3, 27, '0', '2022-07-05 11:17:48'),
(160, 3, 28, '0', '2022-07-05 11:17:48'),
(161, 3, 29, '0', '2022-07-05 11:17:48'),
(162, 3, 30, '0', '2022-07-05 11:17:48'),
(163, 3, 31, '0', '2022-07-05 11:17:48'),
(164, 3, 32, '0', '2022-07-05 11:17:48'),
(165, 3, 33, '0', '2022-07-05 11:17:48'),
(166, 3, 34, '0', '2022-07-05 11:17:48'),
(167, 3, 35, '0', '2022-07-05 11:17:48'),
(168, 3, 36, '0', '2022-07-05 11:17:48'),
(169, 3, 37, '0', '2022-07-05 11:17:48'),
(170, 3, 38, '0', '2022-07-05 11:17:48'),
(171, 3, 39, '0', '2022-07-05 11:17:48'),
(172, 3, 40, '0', '2022-07-05 11:17:48'),
(173, 3, 41, '0', '2022-07-05 11:17:48'),
(174, 3, 42, '0', '2022-07-05 11:17:48'),
(175, 3, 43, '0', '2022-07-05 11:17:48'),
(176, 3, 44, '0', '2022-07-05 11:17:48'),
(177, 3, 45, '0', '2022-07-05 11:17:48'),
(178, 3, 46, '0', '2022-07-05 11:17:48'),
(179, 3, 47, 'A', '2022-07-05 11:17:48'),
(180, 3, 48, '0', '2022-07-05 11:17:48'),
(181, 3, 49, '0', '2022-07-05 11:17:48'),
(182, 3, 50, '0', '2022-07-05 11:17:48'),
(183, 3, 51, '0', '2022-07-05 11:17:48'),
(184, 3, 52, '0', '2022-07-05 11:17:48'),
(185, 3, 53, '0', '2022-07-05 11:17:48'),
(186, 3, 54, '0', '2022-07-05 11:17:48'),
(187, 3, 55, '0', '2022-07-05 11:17:48'),
(188, 3, 56, '0', '2022-07-05 11:17:48'),
(189, 3, 57, '0', '2022-07-05 11:17:48'),
(190, 3, 58, '0', '2022-07-05 11:17:48'),
(191, 3, 59, '0', '2022-07-05 11:17:48'),
(192, 3, 60, '0', '2022-07-05 11:17:48'),
(193, 3, 61, '0', '2022-07-05 11:17:48'),
(194, 3, 62, '0', '2022-07-05 11:17:48'),
(195, 3, 63, '0', '2022-07-05 11:17:48'),
(196, 3, 64, '0', '2022-07-05 11:17:48'),
(197, 3, 65, '0', '2022-07-05 11:17:48'),
(198, 3, 66, '0', '2022-07-05 11:17:48'),
(199, 3, 67, '0', '2022-07-05 11:17:48'),
(200, 3, 68, '0', '2022-07-05 11:17:48'),
(201, 3, 69, '0', '2022-07-05 11:17:48'),
(202, 3, 70, '0', '2022-07-05 11:17:48'),
(203, 3, 71, '0', '2022-07-05 11:17:48'),
(204, 3, 72, '0', '2022-07-05 11:17:48'),
(205, 3, 73, '0', '2022-07-05 11:17:48'),
(206, 3, 74, '0', '2022-07-05 11:17:48'),
(207, 3, 75, '0', '2022-07-05 11:17:48'),
(208, 3, 76, '0', '2022-07-05 11:17:48'),
(209, 3, 77, '0', '2022-07-05 11:17:48'),
(210, 3, 78, '0', '2022-07-05 11:17:48'),
(211, 3, 79, '0', '2022-07-05 11:17:48'),
(212, 3, 80, '0', '2022-07-05 11:17:48'),
(213, 3, 81, '0', '2022-07-05 11:17:48'),
(214, 3, 82, '0', '2022-07-05 11:17:48'),
(215, 3, 83, '0', '2022-07-05 11:17:48'),
(216, 3, 84, '0', '2022-07-05 11:17:48'),
(217, 3, 85, '0', '2022-07-05 11:17:48'),
(218, 3, 86, '0', '2022-07-05 11:17:48'),
(219, 3, 87, '0', '2022-07-05 11:17:48'),
(220, 3, 88, '0', '2022-07-05 11:17:48'),
(221, 3, 89, '0', '2022-07-05 11:17:48'),
(222, 3, 90, '0', '2022-07-05 11:17:48'),
(223, 3, 91, '0', '2022-07-05 11:17:48'),
(224, 3, 92, '0', '2022-07-05 11:17:48'),
(225, 3, 93, '0', '2022-07-05 11:17:48'),
(226, 3, 94, '0', '2022-07-05 11:17:48'),
(227, 3, 95, '0', '2022-07-05 11:17:48'),
(228, 3, 96, '0', '2022-07-05 11:17:48'),
(229, 3, 97, '0', '2022-07-05 11:17:48'),
(230, 3, 98, '0', '2022-07-05 11:17:48'),
(231, 3, 99, '0', '2022-07-05 11:17:48'),
(232, 3, 100, '0', '2022-07-05 11:17:48'),
(233, 3, 101, '0', '2022-07-05 11:17:48'),
(234, 3, 102, '0', '2022-07-05 11:17:48'),
(235, 3, 103, '0', '2022-07-05 11:17:48'),
(236, 3, 104, '0', '2022-07-05 11:17:48'),
(237, 3, 105, '0', '2022-07-05 11:17:48'),
(238, 3, 106, '0', '2022-07-05 11:17:48'),
(239, 3, 107, '0', '2022-07-05 11:17:48'),
(240, 3, 108, '0', '2022-07-05 11:17:48'),
(241, 3, 109, '0', '2022-07-05 11:17:48'),
(242, 3, 110, '0', '2022-07-05 11:17:48'),
(243, 3, 111, '0', '2022-07-05 11:17:48'),
(244, 3, 112, '0', '2022-07-05 11:17:48'),
(245, 3, 113, '0', '2022-07-05 11:17:48'),
(246, 3, 114, '0', '2022-07-05 11:17:48'),
(247, 3, 115, '0', '2022-07-05 11:17:48'),
(248, 3, 116, '0', '2022-07-05 11:17:48'),
(249, 3, 117, '0', '2022-07-05 11:17:48'),
(250, 3, 118, '0', '2022-07-05 11:17:48'),
(251, 3, 119, '0', '2022-07-05 11:17:48'),
(252, 3, 120, '0', '2022-07-05 11:17:48'),
(253, 3, 121, '0', '2022-07-05 11:17:48'),
(254, 3, 122, '0', '2022-07-05 11:17:48'),
(255, 3, 123, '0', '2022-07-05 11:17:48'),
(256, 3, 124, '0', '2022-07-05 11:17:48'),
(257, 3, 125, '0', '2022-07-05 11:17:48'),
(258, 3, 126, '0', '2022-07-05 11:17:48'),
(259, 3, 127, '0', '2022-07-05 11:17:48'),
(260, 3, 128, '0', '2022-07-05 11:17:48'),
(261, 3, 129, '0', '2022-07-05 11:17:48'),
(262, 3, 130, '0', '2022-07-05 11:17:48'),
(263, 3, 131, '0', '2022-07-05 11:17:48'),
(264, 3, 132, '0', '2022-07-05 11:17:48'),
(265, 3, 133, '0', '2022-07-05 11:17:48'),
(266, 3, 134, '0', '2022-07-05 11:17:48'),
(267, 3, 135, '0', '2022-07-05 11:17:48'),
(268, 3, 136, '0', '2022-07-05 11:17:48'),
(269, 3, 137, '0', '2022-07-05 11:17:48'),
(270, 3, 138, '0', '2022-07-05 11:17:48'),
(271, 3, 139, '0', '2022-07-05 11:17:48'),
(272, 3, 140, '0', '2022-07-05 11:17:48'),
(273, 3, 141, '0', '2022-07-05 11:17:48'),
(274, 3, 142, '0', '2022-07-05 11:17:48'),
(275, 3, 143, '0', '2022-07-05 11:17:48'),
(276, 3, 144, '0', '2022-07-05 11:17:48'),
(277, 3, 145, '0', '2022-07-05 11:17:48'),
(278, 3, 146, '0', '2022-07-05 11:17:48'),
(279, 3, 147, '0', '2022-07-05 11:17:48'),
(280, 3, 148, '0', '2022-07-05 11:17:48'),
(281, 3, 149, '0', '2022-07-05 11:17:48'),
(282, 3, 150, '0', '2022-07-05 11:17:48'),
(283, 3, 151, '0', '2022-07-05 11:17:48'),
(284, 3, 152, '0', '2022-07-05 11:17:48'),
(285, 3, 153, '0', '2022-07-05 11:17:48'),
(286, 3, 154, '0', '2022-07-05 11:17:48'),
(287, 3, 155, '0', '2022-07-05 11:17:48'),
(288, 3, 156, '0', '2022-07-05 11:17:48'),
(289, 3, 157, '0', '2022-07-05 11:17:48'),
(290, 3, 158, '0', '2022-07-05 11:17:48'),
(291, 3, 159, '0', '2022-07-05 11:17:48'),
(292, 3, 160, '0', '2022-07-05 11:17:48'),
(293, 3, 161, '0', '2022-07-05 11:17:48'),
(294, 3, 162, '0', '2022-07-05 11:17:48'),
(295, 3, 163, '0', '2022-07-05 11:17:48'),
(296, 3, 164, '0', '2022-07-05 11:17:48'),
(297, 3, 165, '0', '2022-07-05 11:17:48'),
(298, 3, 166, '0', '2022-07-05 11:17:48'),
(299, 3, 167, '0', '2022-07-05 11:17:48'),
(300, 3, 168, '0', '2022-07-05 11:17:48'),
(301, 3, 169, '0', '2022-07-05 11:17:48'),
(302, 3, 170, '0', '2022-07-05 11:17:48'),
(303, 3, 171, '0', '2022-07-05 11:17:48'),
(304, 3, 172, '0', '2022-07-05 11:17:48'),
(305, 3, 173, '0', '2022-07-05 11:17:48'),
(306, 3, 174, '0', '2022-07-05 11:17:48'),
(307, 3, 175, '0', '2022-07-05 11:17:48'),
(308, 3, 176, '0', '2022-07-05 11:17:48'),
(309, 3, 177, '0', '2022-07-05 11:17:48'),
(310, 3, 178, '0', '2022-07-05 11:17:48'),
(311, 3, 179, '0', '2022-07-05 11:17:48'),
(312, 3, 180, '0', '2022-07-05 11:17:48'),
(313, 3, 181, '0', '2022-07-05 11:17:48'),
(314, 3, 182, '0', '2022-07-05 11:17:48'),
(315, 3, 183, '0', '2022-07-05 11:17:48'),
(316, 3, 184, '0', '2022-07-05 11:17:48'),
(317, 3, 185, '0', '2022-07-05 11:17:48'),
(318, 3, 186, '0', '2022-07-05 11:17:48'),
(319, 3, 187, '0', '2022-07-05 11:17:48'),
(320, 3, 188, '0', '2022-07-05 11:17:48'),
(321, 3, 189, '0', '2022-07-05 11:17:48'),
(322, 3, 190, '0', '2022-07-05 11:17:48'),
(323, 3, 191, '0', '2022-07-05 11:17:48'),
(324, 3, 192, '0', '2022-07-05 11:17:48'),
(325, 3, 193, '0', '2022-07-05 11:17:48'),
(326, 3, 194, '0', '2022-07-05 11:17:48'),
(327, 3, 195, '0', '2022-07-05 11:17:48'),
(328, 3, 196, '0', '2022-07-05 11:17:48'),
(329, 3, 197, '0', '2022-07-05 11:17:48'),
(330, 3, 198, '0', '2022-07-05 11:17:48'),
(331, 3, 199, '0', '2022-07-05 11:17:48'),
(332, 3, 200, '0', '2022-07-05 11:17:48'),
(333, 3, 201, '0', '2022-07-05 11:17:48'),
(334, 3, 202, '0', '2022-07-05 11:17:48'),
(335, 3, 203, '0', '2022-07-05 11:17:48'),
(336, 3, 204, '0', '2022-07-05 11:17:48'),
(337, 3, 205, '0', '2022-07-05 11:17:48'),
(338, 3, 206, '0', '2022-07-05 11:17:48'),
(339, 3, 207, '0', '2022-07-05 11:17:48'),
(340, 3, 208, '0', '2022-07-05 11:17:48'),
(341, 3, 209, '0', '2022-07-05 11:17:48'),
(342, 3, 210, '0', '2022-07-05 11:17:48'),
(343, 3, 211, '0', '2022-07-05 11:17:48'),
(344, 3, 212, '0', '2022-07-05 11:17:48'),
(345, 3, 213, '0', '2022-07-05 11:17:48'),
(346, 3, 214, '0', '2022-07-05 11:17:48'),
(347, 3, 215, '0', '2022-07-05 11:17:48'),
(348, 3, 216, '0', '2022-07-05 11:17:48'),
(349, 3, 217, '0', '2022-07-05 11:17:48'),
(350, 3, 218, '0', '2022-07-05 11:17:48'),
(351, 3, 219, '0', '2022-07-05 11:17:48'),
(352, 3, 220, '0', '2022-07-05 11:17:48'),
(353, 3, 221, '0', '2022-07-05 11:17:48'),
(354, 3, 222, '0', '2022-07-05 11:17:48'),
(355, 3, 223, '0', '2022-07-05 11:17:48'),
(356, 3, 224, '0', '2022-07-05 11:17:48'),
(357, 3, 225, '0', '2022-07-05 11:17:48'),
(358, 3, 226, '0', '2022-07-05 11:17:48'),
(359, 3, 227, '0', '2022-07-05 11:17:48'),
(360, 3, 228, '0', '2022-07-05 11:17:48'),
(361, 3, 229, '0', '2022-07-05 11:17:48'),
(362, 3, 230, '0', '2022-07-05 11:17:48'),
(363, 3, 231, '0', '2022-07-05 11:17:48'),
(364, 3, 232, '0', '2022-07-05 11:17:48'),
(365, 3, 233, '0', '2022-07-05 11:17:48'),
(366, 3, 234, '0', '2022-07-05 11:17:48'),
(367, 3, 235, '0', '2022-07-05 11:17:48'),
(368, 3, 236, '0', '2022-07-05 11:17:48'),
(369, 3, 237, '0', '2022-07-05 11:17:48'),
(370, 3, 238, '0', '2022-07-05 11:17:48'),
(371, 3, 239, '0', '2022-07-05 11:17:48'),
(372, 3, 240, '0', '2022-07-05 11:17:48'),
(373, 3, 241, '0', '2022-07-05 11:17:48'),
(374, 3, 242, '0', '2022-07-05 11:17:48'),
(375, 3, 243, '0', '2022-07-05 11:17:48'),
(376, 3, 244, '0', '2022-07-05 11:17:48'),
(377, 3, 245, '0', '2022-07-05 11:17:48'),
(378, 3, 246, '0', '2022-07-05 11:17:48'),
(379, 3, 247, '0', '2022-07-05 11:17:48'),
(380, 3, 248, '0', '2022-07-05 11:17:48'),
(381, 3, 249, '0', '2022-07-05 11:17:48'),
(382, 3, 250, '0', '2022-07-05 11:17:48'),
(383, 3, 251, '0', '2022-07-05 11:17:48'),
(384, 3, 252, '0', '2022-07-05 11:17:48'),
(385, 3, 253, '0', '2022-07-05 11:17:48'),
(386, 3, 254, '0', '2022-07-05 11:17:48'),
(387, 3, 255, '0', '2022-07-05 11:17:48'),
(388, 3, 256, '0', '2022-07-05 11:17:48'),
(389, 3, 257, '0', '2022-07-05 11:17:48'),
(390, 3, 258, '0', '2022-07-05 11:17:48'),
(391, 3, 259, '0', '2022-07-05 11:17:48'),
(392, 3, 260, '0', '2022-07-05 11:17:48'),
(393, 3, 261, '0', '2022-07-05 11:17:48'),
(394, 3, 262, '0', '2022-07-05 11:17:48'),
(395, 3, 263, '0', '2022-07-05 11:17:48'),
(396, 3, 264, '0', '2022-07-05 11:17:48'),
(397, 3, 265, '0', '2022-07-05 11:17:48'),
(398, 3, 266, '0', '2022-07-05 11:17:48'),
(399, 3, 267, '0', '2022-07-05 11:17:48'),
(400, 3, 268, '0', '2022-07-05 11:17:48'),
(401, 3, 269, '0', '2022-07-05 11:17:48'),
(402, 3, 270, '0', '2022-07-05 11:17:48'),
(403, 3, 271, '0', '2022-07-05 11:17:48'),
(404, 3, 272, '0', '2022-07-05 11:17:48'),
(405, 3, 273, '0', '2022-07-05 11:17:48'),
(406, 3, 274, '0', '2022-07-05 11:17:48'),
(407, 3, 275, '0', '2022-07-05 11:17:48'),
(408, 3, 276, '0', '2022-07-05 11:17:48'),
(409, 3, 277, '0', '2022-07-05 11:17:48'),
(410, 3, 278, '0', '2022-07-05 11:17:48'),
(411, 3, 279, '0', '2022-07-05 11:17:48'),
(412, 3, 280, '0', '2022-07-05 11:17:48'),
(413, 3, 281, '0', '2022-07-05 11:17:48'),
(414, 3, 282, '0', '2022-07-05 11:17:48'),
(415, 3, 283, '0', '2022-07-05 11:17:48'),
(416, 3, 284, '0', '2022-07-05 11:17:48'),
(417, 3, 285, '0', '2022-07-05 11:17:48'),
(418, 3, 286, '0', '2022-07-05 11:17:48'),
(419, 3, 287, '0', '2022-07-05 11:17:48'),
(420, 3, 288, '0', '2022-07-05 11:17:48'),
(421, 3, 289, '0', '2022-07-05 11:17:48'),
(422, 3, 290, '0', '2022-07-05 11:17:48'),
(423, 3, 291, '0', '2022-07-05 11:17:48'),
(424, 3, 292, '0', '2022-07-05 11:17:48'),
(425, 3, 293, '0', '2022-07-05 11:17:48'),
(426, 3, 294, '0', '2022-07-05 11:17:48'),
(427, 3, 295, '0', '2022-07-05 11:17:48'),
(428, 3, 296, '0', '2022-07-05 11:17:48'),
(429, 3, 297, '0', '2022-07-05 11:17:48'),
(430, 3, 298, '0', '2022-07-05 11:17:48'),
(431, 3, 299, '0', '2022-07-05 11:17:48'),
(432, 3, 300, '0', '2022-07-05 11:17:48'),
(433, 3, 301, '0', '2022-07-05 11:17:48'),
(434, 3, 302, '0', '2022-07-05 11:17:48'),
(435, 3, 303, '0', '2022-07-05 11:17:48'),
(436, 3, 304, '0', '2022-07-05 11:17:48'),
(437, 3, 305, '0', '2022-07-05 11:17:48'),
(438, 3, 306, '0', '2022-07-05 11:17:48'),
(439, 3, 307, '0', '2022-07-05 11:17:48'),
(440, 3, 308, '0', '2022-07-05 11:17:48'),
(441, 3, 309, '0', '2022-07-05 11:17:48'),
(442, 3, 310, '0', '2022-07-05 11:17:48'),
(443, 3, 311, '0', '2022-07-05 11:17:48'),
(444, 3, 312, '0', '2022-07-05 11:17:48'),
(445, 3, 313, '0', '2022-07-05 11:17:48'),
(446, 3, 314, '0', '2022-07-05 11:17:48'),
(447, 3, 315, '0', '2022-07-05 11:17:48'),
(448, 3, 316, '0', '2022-07-05 11:17:48'),
(449, 3, 317, '0', '2022-07-05 11:17:48'),
(450, 3, 318, '0', '2022-07-05 11:17:48'),
(451, 3, 319, '0', '2022-07-05 11:17:48'),
(452, 3, 320, '0', '2022-07-05 11:17:48'),
(453, 3, 321, '0', '2022-07-05 11:17:48'),
(454, 3, 322, '0', '2022-07-05 11:17:48'),
(455, 3, 323, '0', '2022-07-05 11:17:48'),
(456, 3, 324, '0', '2022-07-05 11:17:48'),
(457, 3, 325, '0', '2022-07-05 11:17:48'),
(458, 3, 326, '0', '2022-07-05 11:17:48'),
(459, 3, 327, '0', '2022-07-05 11:17:48'),
(460, 3, 328, '0', '2022-07-05 11:17:48'),
(461, 3, 329, '0', '2022-07-05 11:17:48'),
(462, 3, 330, '0', '2022-07-05 11:17:48'),
(463, 3, 331, '0', '2022-07-05 11:17:48'),
(464, 3, 332, '0', '2022-07-05 11:17:48'),
(465, 3, 333, '0', '2022-07-05 11:17:48'),
(466, 3, 334, '0', '2022-07-05 11:17:48'),
(467, 3, 335, '0', '2022-07-05 11:17:48'),
(468, 3, 336, '0', '2022-07-05 11:17:48'),
(469, 3, 337, '0', '2022-07-05 11:17:48'),
(470, 3, 338, '0', '2022-07-05 11:17:48'),
(471, 3, 339, '0', '2022-07-05 11:17:48'),
(472, 3, 340, '0', '2022-07-05 11:17:48'),
(473, 3, 341, '0', '2022-07-05 11:17:48'),
(474, 3, 342, '0', '2022-07-05 11:17:48'),
(475, 3, 343, '0', '2022-07-05 11:17:48'),
(476, 3, 344, '0', '2022-07-05 11:17:48'),
(477, 3, 345, '0', '2022-07-05 11:17:48'),
(478, 3, 346, '0', '2022-07-05 11:17:48'),
(479, 3, 347, '0', '2022-07-05 11:17:48'),
(480, 3, 348, '0', '2022-07-05 11:17:48'),
(481, 3, 349, '0', '2022-07-05 11:17:48'),
(482, 3, 350, '0', '2022-07-05 11:17:48'),
(483, 3, 351, '0', '2022-07-05 11:17:48'),
(484, 3, 352, '0', '2022-07-05 11:17:48'),
(485, 3, 353, '0', '2022-07-05 11:17:48'),
(486, 3, 354, '0', '2022-07-05 11:17:48'),
(487, 3, 355, '0', '2022-07-05 11:17:48'),
(488, 3, 356, '0', '2022-07-05 11:17:48'),
(489, 3, 357, '0', '2022-07-05 11:17:48'),
(490, 3, 358, '0', '2022-07-05 11:17:48'),
(491, 3, 359, '0', '2022-07-05 11:17:48'),
(492, 3, 360, '0', '2022-07-05 11:17:48'),
(493, 3, 361, '0', '2022-07-05 11:17:48'),
(494, 3, 362, '0', '2022-07-05 11:17:48'),
(495, 3, 363, '0', '2022-07-05 11:17:48'),
(496, 3, 364, '0', '2022-07-05 11:17:48'),
(497, 3, 365, '0', '2022-07-05 11:17:48'),
(498, 3, 366, '0', '2022-07-05 11:17:48'),
(499, 3, 367, '0', '2022-07-05 11:17:48'),
(500, 3, 368, '0', '2022-07-05 11:17:48'),
(501, 3, 369, '0', '2022-07-05 11:17:48'),
(502, 3, 370, '0', '2022-07-05 11:17:48'),
(503, 3, 371, '0', '2022-07-05 11:17:48'),
(504, 3, 372, '0', '2022-07-05 11:17:48'),
(505, 3, 373, '0', '2022-07-05 11:17:48'),
(506, 3, 374, '0', '2022-07-05 11:17:48'),
(507, 3, 375, '0', '2022-07-05 11:17:48'),
(508, 3, 376, '0', '2022-07-05 11:17:48'),
(509, 3, 377, '0', '2022-07-05 11:17:48'),
(510, 3, 378, '0', '2022-07-05 11:17:48'),
(511, 3, 379, '0', '2022-07-05 11:17:48'),
(512, 3, 380, '0', '2022-07-05 11:17:48'),
(513, 3, 381, '0', '2022-07-05 11:17:48'),
(514, 3, 382, '0', '2022-07-05 11:17:48'),
(515, 3, 383, '0', '2022-07-05 11:17:48'),
(516, 3, 384, '0', '2022-07-05 11:17:48'),
(517, 3, 385, '0', '2022-07-05 11:17:48'),
(518, 3, 386, '0', '2022-07-05 11:17:48'),
(519, 3, 387, '0', '2022-07-05 11:17:48'),
(520, 3, 388, '0', '2022-07-05 11:17:48'),
(521, 3, 389, '0', '2022-07-05 11:17:48'),
(522, 3, 390, '0', '2022-07-05 11:17:48'),
(523, 3, 391, '0', '2022-07-05 11:17:48'),
(524, 3, 392, '0', '2022-07-05 11:17:48'),
(525, 3, 393, '0', '2022-07-05 11:17:48'),
(526, 3, 394, '0', '2022-07-05 11:17:48'),
(527, 3, 395, '0', '2022-07-05 11:17:48'),
(528, 3, 396, '0', '2022-07-05 11:17:48'),
(529, 3, 397, '0', '2022-07-05 11:17:48'),
(530, 3, 398, '0', '2022-07-05 11:17:48'),
(531, 3, 399, '0', '2022-07-05 11:17:48'),
(532, 3, 400, '0', '2022-07-05 11:17:48'),
(533, 3, 401, '0', '2022-07-05 11:17:48'),
(534, 3, 402, '0', '2022-07-05 11:17:48'),
(535, 3, 403, '0', '2022-07-05 11:17:48'),
(536, 3, 404, '0', '2022-07-05 11:17:48'),
(537, 3, 405, '0', '2022-07-05 11:17:48'),
(538, 3, 406, '0', '2022-07-05 11:17:48'),
(539, 3, 407, '0', '2022-07-05 11:17:48'),
(540, 3, 408, '0', '2022-07-05 11:17:48'),
(541, 3, 409, '0', '2022-07-05 11:17:48'),
(542, 3, 410, '0', '2022-07-05 11:17:48'),
(543, 3, 411, '0', '2022-07-05 11:17:48'),
(544, 3, 412, '0', '2022-07-05 11:17:48'),
(545, 3, 413, '0', '2022-07-05 11:17:48'),
(546, 3, 414, '0', '2022-07-05 11:17:48'),
(547, 3, 415, '0', '2022-07-05 11:17:48'),
(548, 3, 416, '0', '2022-07-05 11:17:48'),
(549, 3, 417, '0', '2022-07-05 11:17:48'),
(550, 3, 418, '0', '2022-07-05 11:17:48'),
(551, 3, 419, '0', '2022-07-05 11:17:48'),
(552, 3, 420, '0', '2022-07-05 11:17:48'),
(553, 3, 421, '0', '2022-07-05 11:17:48'),
(554, 3, 422, '0', '2022-07-05 11:17:48'),
(555, 3, 423, '0', '2022-07-05 11:17:48'),
(556, 3, 424, '0', '2022-07-05 11:17:48'),
(557, 3, 425, '0', '2022-07-05 11:17:48'),
(558, 3, 426, '0', '2022-07-05 11:17:48'),
(559, 3, 427, '0', '2022-07-05 11:17:48'),
(560, 3, 428, '0', '2022-07-05 11:17:48'),
(561, 3, 429, '0', '2022-07-05 11:17:48'),
(562, 3, 430, '0', '2022-07-05 11:17:48'),
(563, 3, 431, '0', '2022-07-05 11:17:48'),
(564, 3, 432, '0', '2022-07-05 11:17:48'),
(565, 3, 433, '0', '2022-07-05 11:17:48'),
(566, 3, 434, '0', '2022-07-05 11:17:48'),
(567, 3, 435, '0', '2022-07-05 11:17:48'),
(568, 3, 436, '0', '2022-07-05 11:17:48'),
(569, 3, 437, '0', '2022-07-05 11:17:48'),
(570, 3, 438, '0', '2022-07-05 11:17:48'),
(571, 3, 439, '0', '2022-07-05 11:17:48'),
(572, 3, 440, '0', '2022-07-05 11:17:48'),
(573, 3, 441, '0', '2022-07-05 11:17:48'),
(574, 3, 442, '0', '2022-07-05 11:17:48'),
(575, 3, 443, '0', '2022-07-05 11:17:48'),
(576, 3, 444, '0', '2022-07-05 11:17:48'),
(577, 3, 445, '0', '2022-07-05 11:17:48'),
(578, 3, 446, '0', '2022-07-05 11:17:48'),
(579, 3, 447, '0', '2022-07-05 11:17:48'),
(580, 3, 448, '0', '2022-07-05 11:17:48'),
(581, 3, 449, '0', '2022-07-05 11:17:48'),
(582, 3, 450, '0', '2022-07-05 11:17:48'),
(583, 3, 451, '0', '2022-07-05 11:17:48'),
(584, 3, 452, '0', '2022-07-05 11:17:48'),
(585, 3, 453, '0', '2022-07-05 11:17:48'),
(586, 3, 454, '0', '2022-07-05 11:17:48'),
(587, 3, 455, '0', '2022-07-05 11:17:48'),
(588, 3, 456, '0', '2022-07-05 11:17:48'),
(589, 3, 457, '0', '2022-07-05 11:17:48'),
(590, 3, 458, '0', '2022-07-05 11:17:48'),
(591, 3, 459, '0', '2022-07-05 11:17:48'),
(592, 3, 460, '0', '2022-07-05 11:17:48'),
(593, 3, 461, '0', '2022-07-05 11:17:48'),
(594, 3, 462, '0', '2022-07-05 11:17:48'),
(595, 3, 463, '0', '2022-07-05 11:17:48'),
(596, 3, 464, '0', '2022-07-05 11:17:48'),
(597, 3, 465, '0', '2022-07-05 11:17:48'),
(598, 3, 466, '0', '2022-07-05 11:17:48'),
(599, 3, 467, '0', '2022-07-05 11:17:48'),
(600, 3, 468, '0', '2022-07-05 11:17:48'),
(601, 3, 469, '0', '2022-07-05 11:17:48'),
(602, 3, 470, '0', '2022-07-05 11:17:48'),
(603, 3, 471, '0', '2022-07-05 11:17:48'),
(604, 3, 472, '0', '2022-07-05 11:17:48'),
(605, 3, 473, '0', '2022-07-05 11:17:48'),
(606, 3, 474, '0', '2022-07-05 11:17:48'),
(607, 3, 475, '0', '2022-07-05 11:17:48'),
(608, 3, 476, '0', '2022-07-05 11:17:48'),
(609, 3, 477, '0', '2022-07-05 11:17:48'),
(610, 3, 478, '0', '2022-07-05 11:17:48'),
(611, 3, 479, '0', '2022-07-05 11:17:48'),
(612, 3, 480, '0', '2022-07-05 11:17:48'),
(613, 3, 481, '0', '2022-07-05 11:17:48'),
(614, 3, 482, '0', '2022-07-05 11:17:48'),
(615, 3, 483, '0', '2022-07-05 11:17:48'),
(616, 3, 484, '0', '2022-07-05 11:17:48'),
(617, 3, 485, '0', '2022-07-05 11:17:48'),
(618, 3, 486, '0', '2022-07-05 11:17:48'),
(619, 3, 487, '0', '2022-07-05 11:17:48'),
(620, 3, 488, '0', '2022-07-05 11:17:48'),
(621, 3, 489, '0', '2022-07-05 11:17:48'),
(622, 3, 490, '0', '2022-07-05 11:17:48'),
(623, 3, 491, '0', '2022-07-05 11:17:48'),
(624, 3, 492, '0', '2022-07-05 11:17:48'),
(625, 3, 493, '0', '2022-07-05 11:17:48'),
(626, 3, 494, '0', '2022-07-05 11:17:48'),
(627, 3, 495, '0', '2022-07-05 11:17:48'),
(628, 3, 496, '0', '2022-07-05 11:17:48'),
(629, 3, 497, '0', '2022-07-05 11:17:48'),
(630, 3, 498, '0', '2022-07-05 11:17:48'),
(631, 3, 499, '0', '2022-07-05 11:17:48'),
(632, 3, 500, '0', '2022-07-05 11:17:48'),
(633, 3, 501, '0', '2022-07-05 11:17:48'),
(634, 3, 502, '0', '2022-07-05 11:17:48'),
(635, 3, 503, '0', '2022-07-05 11:17:48'),
(636, 3, 504, '0', '2022-07-05 11:17:48'),
(637, 3, 505, '0', '2022-07-05 11:17:48'),
(638, 3, 506, '0', '2022-07-05 11:17:48'),
(639, 3, 507, '0', '2022-07-05 11:17:48'),
(640, 3, 508, '0', '2022-07-05 11:17:48'),
(641, 3, 509, '0', '2022-07-05 11:17:48'),
(642, 3, 510, '0', '2022-07-05 11:17:48'),
(643, 3, 511, '0', '2022-07-05 11:17:48'),
(644, 3, 512, '0', '2022-07-05 11:17:48'),
(645, 3, 513, '0', '2022-07-05 11:17:48'),
(646, 3, 514, '0', '2022-07-05 11:17:48'),
(647, 3, 515, '0', '2022-07-05 11:17:48'),
(648, 3, 516, '0', '2022-07-05 11:17:48'),
(649, 5, 24, '0', '2022-07-07 03:28:33'),
(650, 5, 25, '0', '2022-07-07 03:28:33'),
(651, 5, 26, '0', '2022-07-07 03:28:33'),
(652, 5, 160, '0', '2022-07-07 03:28:33'),
(653, 5, 161, '0', '2022-07-07 03:28:33'),
(654, 5, 162, '0', '2022-07-07 03:28:33'),
(655, 5, 163, '0', '2022-07-07 03:28:33'),
(656, 5, 164, '0', '2022-07-07 03:28:33'),
(657, 5, 165, '0', '2022-07-07 03:28:33'),
(658, 5, 166, '0', '2022-07-07 03:28:33'),
(659, 5, 167, '0', '2022-07-07 03:28:33'),
(660, 5, 168, '0', '2022-07-07 03:28:33'),
(661, 5, 169, '0', '2022-07-07 03:28:33'),
(662, 5, 170, '0', '2022-07-07 03:28:33'),
(663, 5, 171, '0', '2022-07-07 03:28:33'),
(664, 5, 172, '0', '2022-07-07 03:28:33'),
(665, 5, 173, '0', '2022-07-07 03:28:33'),
(666, 5, 174, '0', '2022-07-07 03:28:33'),
(667, 5, 175, '0', '2022-07-07 03:28:33'),
(668, 5, 176, '0', '2022-07-07 03:28:33'),
(669, 5, 177, '0', '2022-07-07 03:28:33'),
(670, 5, 178, '0', '2022-07-07 03:28:33'),
(671, 5, 179, '0', '2022-07-07 03:28:33'),
(672, 5, 180, '0', '2022-07-07 03:28:33'),
(673, 5, 181, '0', '2022-07-07 03:28:33'),
(674, 5, 182, '0', '2022-07-07 03:28:33'),
(675, 5, 183, '0', '2022-07-07 03:28:33'),
(676, 5, 184, '0', '2022-07-07 03:28:33'),
(677, 5, 185, '0', '2022-07-07 03:28:33'),
(678, 5, 186, '0', '2022-07-07 03:28:33'),
(679, 5, 187, '0', '2022-07-07 03:28:33'),
(680, 5, 188, '0', '2022-07-07 03:28:33'),
(681, 5, 189, '0', '2022-07-07 03:28:33'),
(682, 5, 190, '0', '2022-07-07 03:28:33'),
(683, 5, 191, '0', '2022-07-07 03:28:33'),
(684, 5, 192, '0', '2022-07-07 03:28:33'),
(685, 5, 193, '0', '2022-07-07 03:28:33'),
(686, 5, 194, '0', '2022-07-07 03:28:33'),
(687, 5, 195, '0', '2022-07-07 03:28:33'),
(688, 5, 196, '0', '2022-07-07 03:28:33'),
(689, 5, 197, '0', '2022-07-07 03:28:33'),
(690, 5, 198, '0', '2022-07-07 03:28:33'),
(691, 5, 199, '0', '2022-07-07 03:28:33'),
(692, 5, 200, '0', '2022-07-07 03:28:33'),
(693, 5, 201, '0', '2022-07-07 03:28:33'),
(694, 5, 202, '0', '2022-07-07 03:28:33'),
(695, 5, 203, '0', '2022-07-07 03:28:33'),
(696, 5, 204, '0', '2022-07-07 03:28:33'),
(697, 5, 205, '0', '2022-07-07 03:28:33'),
(698, 5, 206, '0', '2022-07-07 03:28:33'),
(699, 5, 207, '0', '2022-07-07 03:28:33'),
(700, 5, 208, '0', '2022-07-07 03:28:33'),
(701, 5, 209, '0', '2022-07-07 03:28:33'),
(702, 5, 210, '0', '2022-07-07 03:28:33'),
(703, 5, 211, '0', '2022-07-07 03:28:33'),
(704, 5, 212, '0', '2022-07-07 03:28:33'),
(705, 5, 213, '0', '2022-07-07 03:28:33'),
(706, 5, 214, '0', '2022-07-07 03:28:33'),
(707, 5, 215, '0', '2022-07-07 03:28:33'),
(708, 5, 216, '0', '2022-07-07 03:28:33'),
(709, 5, 217, '0', '2022-07-07 03:28:33'),
(710, 5, 218, '0', '2022-07-07 03:28:33'),
(711, 5, 219, '0', '2022-07-07 03:28:33'),
(712, 5, 220, '0', '2022-07-07 03:28:33'),
(713, 5, 221, '0', '2022-07-07 03:28:33'),
(714, 5, 222, '0', '2022-07-07 03:28:33'),
(715, 5, 223, '0', '2022-07-07 03:28:33'),
(716, 5, 224, '0', '2022-07-07 03:28:33'),
(717, 5, 225, '0', '2022-07-07 03:28:33'),
(718, 5, 226, '0', '2022-07-07 03:28:33'),
(719, 5, 227, '0', '2022-07-07 03:28:33'),
(720, 5, 228, '0', '2022-07-07 03:28:33'),
(721, 5, 229, '0', '2022-07-07 03:28:33'),
(722, 5, 230, '0', '2022-07-07 03:28:33'),
(723, 5, 231, '0', '2022-07-07 03:28:33'),
(724, 5, 232, '0', '2022-07-07 03:28:33'),
(725, 5, 233, '0', '2022-07-07 03:28:33'),
(726, 5, 234, '0', '2022-07-07 03:28:33'),
(727, 5, 235, '0', '2022-07-07 03:28:33'),
(728, 5, 236, '0', '2022-07-07 03:28:33'),
(729, 5, 237, '0', '2022-07-07 03:28:33'),
(730, 5, 238, '0', '2022-07-07 03:28:33'),
(731, 5, 239, '0', '2022-07-07 03:28:33'),
(732, 5, 240, '0', '2022-07-07 03:28:33'),
(733, 5, 241, '0', '2022-07-07 03:28:33'),
(734, 5, 242, '0', '2022-07-07 03:28:33'),
(735, 5, 243, '0', '2022-07-07 03:28:33'),
(736, 5, 244, '0', '2022-07-07 03:28:33'),
(737, 5, 245, '0', '2022-07-07 03:28:33'),
(738, 5, 246, 'D', '2022-07-07 03:28:33'),
(739, 5, 24, 'A', '2022-07-07 04:11:01'),
(740, 5, 25, '0', '2022-07-07 04:11:01'),
(741, 5, 26, '0', '2022-07-07 04:11:01'),
(742, 5, 160, '0', '2022-07-07 04:11:01'),
(743, 5, 161, '0', '2022-07-07 04:11:01'),
(744, 5, 162, '0', '2022-07-07 04:11:01'),
(745, 5, 163, '0', '2022-07-07 04:11:01'),
(746, 5, 164, '0', '2022-07-07 04:11:01'),
(747, 5, 165, '0', '2022-07-07 04:11:01'),
(748, 5, 166, '0', '2022-07-07 04:11:01'),
(749, 5, 167, '0', '2022-07-07 04:11:01'),
(750, 5, 168, '0', '2022-07-07 04:11:01'),
(751, 5, 169, '0', '2022-07-07 04:11:01'),
(752, 5, 170, '0', '2022-07-07 04:11:01'),
(753, 5, 171, '0', '2022-07-07 04:11:01'),
(754, 5, 172, '0', '2022-07-07 04:11:01'),
(755, 5, 173, '0', '2022-07-07 04:11:01'),
(756, 5, 174, '0', '2022-07-07 04:11:01'),
(757, 5, 175, '0', '2022-07-07 04:11:01'),
(758, 5, 176, '0', '2022-07-07 04:11:01'),
(759, 5, 177, '0', '2022-07-07 04:11:01'),
(760, 5, 178, '0', '2022-07-07 04:11:01'),
(761, 5, 179, '0', '2022-07-07 04:11:01'),
(762, 5, 180, '0', '2022-07-07 04:11:01'),
(763, 5, 181, '0', '2022-07-07 04:11:01'),
(764, 5, 182, '0', '2022-07-07 04:11:01'),
(765, 5, 183, '0', '2022-07-07 04:11:01'),
(766, 5, 184, '0', '2022-07-07 04:11:01'),
(767, 5, 185, '0', '2022-07-07 04:11:01'),
(768, 5, 186, '0', '2022-07-07 04:11:01'),
(769, 5, 187, '0', '2022-07-07 04:11:01'),
(770, 5, 188, '0', '2022-07-07 04:11:01'),
(771, 5, 189, '0', '2022-07-07 04:11:01'),
(772, 5, 190, '0', '2022-07-07 04:11:01'),
(773, 5, 191, '0', '2022-07-07 04:11:01'),
(774, 5, 192, '0', '2022-07-07 04:11:01'),
(775, 5, 193, '0', '2022-07-07 04:11:01'),
(776, 5, 194, '0', '2022-07-07 04:11:01'),
(777, 5, 195, '0', '2022-07-07 04:11:01'),
(778, 5, 196, '0', '2022-07-07 04:11:01'),
(779, 5, 197, '0', '2022-07-07 04:11:01'),
(780, 5, 198, '0', '2022-07-07 04:11:01'),
(781, 5, 199, '0', '2022-07-07 04:11:01'),
(782, 5, 200, '0', '2022-07-07 04:11:01'),
(783, 5, 201, '0', '2022-07-07 04:11:01'),
(784, 5, 202, '0', '2022-07-07 04:11:01'),
(785, 5, 203, '0', '2022-07-07 04:11:01'),
(786, 5, 204, '0', '2022-07-07 04:11:01'),
(787, 5, 205, '0', '2022-07-07 04:11:01'),
(788, 5, 206, '0', '2022-07-07 04:11:01'),
(789, 5, 207, '0', '2022-07-07 04:11:01'),
(790, 5, 208, '0', '2022-07-07 04:11:01'),
(791, 5, 209, '0', '2022-07-07 04:11:01'),
(792, 5, 210, '0', '2022-07-07 04:11:01'),
(793, 5, 211, '0', '2022-07-07 04:11:01'),
(794, 5, 212, '0', '2022-07-07 04:11:01'),
(795, 5, 213, '0', '2022-07-07 04:11:01'),
(796, 5, 214, '0', '2022-07-07 04:11:01'),
(797, 5, 215, '0', '2022-07-07 04:11:01'),
(798, 5, 216, '0', '2022-07-07 04:11:01'),
(799, 5, 217, '0', '2022-07-07 04:11:01'),
(800, 5, 218, '0', '2022-07-07 04:11:01'),
(801, 5, 219, '0', '2022-07-07 04:11:01'),
(802, 5, 220, '0', '2022-07-07 04:11:01'),
(803, 5, 221, '0', '2022-07-07 04:11:01'),
(804, 5, 222, '0', '2022-07-07 04:11:01'),
(805, 5, 223, '0', '2022-07-07 04:11:01'),
(806, 5, 224, '0', '2022-07-07 04:11:01'),
(807, 5, 225, '0', '2022-07-07 04:11:01'),
(808, 5, 226, '0', '2022-07-07 04:11:01'),
(809, 5, 227, '0', '2022-07-07 04:11:01'),
(810, 5, 228, '0', '2022-07-07 04:11:01'),
(811, 5, 229, '0', '2022-07-07 04:11:01'),
(812, 5, 230, '0', '2022-07-07 04:11:01'),
(813, 5, 231, '0', '2022-07-07 04:11:01'),
(814, 5, 232, '0', '2022-07-07 04:11:01'),
(815, 5, 233, '0', '2022-07-07 04:11:01'),
(816, 5, 234, '0', '2022-07-07 04:11:01'),
(817, 5, 235, '0', '2022-07-07 04:11:01'),
(818, 5, 236, '0', '2022-07-07 04:11:01'),
(819, 5, 237, '0', '2022-07-07 04:11:01'),
(820, 5, 238, '0', '2022-07-07 04:11:01'),
(821, 5, 239, '0', '2022-07-07 04:11:01'),
(822, 5, 240, '0', '2022-07-07 04:11:01'),
(823, 5, 241, '0', '2022-07-07 04:11:01'),
(824, 5, 242, '0', '2022-07-07 04:11:01'),
(825, 5, 243, '0', '2022-07-07 04:11:01'),
(826, 5, 244, '0', '2022-07-07 04:11:01'),
(827, 5, 245, '0', '2022-07-07 04:11:01'),
(828, 5, 246, 'A', '2022-07-07 04:11:01'),
(829, 5, 24, '0', '2022-07-07 05:34:21'),
(830, 5, 25, '0', '2022-07-07 05:34:21'),
(831, 5, 26, '0', '2022-07-07 05:34:21'),
(832, 5, 160, '0', '2022-07-07 05:34:21'),
(833, 5, 161, '0', '2022-07-07 05:34:21'),
(834, 5, 162, '0', '2022-07-07 05:34:21'),
(835, 5, 163, '0', '2022-07-07 05:34:21'),
(836, 5, 164, '0', '2022-07-07 05:34:21'),
(837, 5, 165, '0', '2022-07-07 05:34:21'),
(838, 5, 166, '0', '2022-07-07 05:34:21'),
(839, 5, 167, '0', '2022-07-07 05:34:21'),
(840, 5, 168, '0', '2022-07-07 05:34:21'),
(841, 5, 169, '0', '2022-07-07 05:34:21'),
(842, 5, 170, '0', '2022-07-07 05:34:21'),
(843, 5, 171, '0', '2022-07-07 05:34:21'),
(844, 5, 172, '0', '2022-07-07 05:34:21'),
(845, 5, 173, '0', '2022-07-07 05:34:21'),
(846, 5, 174, '0', '2022-07-07 05:34:21'),
(847, 5, 175, '0', '2022-07-07 05:34:21'),
(848, 5, 176, '0', '2022-07-07 05:34:21'),
(849, 5, 177, '0', '2022-07-07 05:34:21'),
(850, 5, 178, '0', '2022-07-07 05:34:21'),
(851, 5, 179, '0', '2022-07-07 05:34:21'),
(852, 5, 180, '0', '2022-07-07 05:34:21'),
(853, 5, 181, '0', '2022-07-07 05:34:21'),
(854, 5, 182, '0', '2022-07-07 05:34:21'),
(855, 5, 183, '0', '2022-07-07 05:34:21'),
(856, 5, 184, '0', '2022-07-07 05:34:21'),
(857, 5, 185, '0', '2022-07-07 05:34:21'),
(858, 5, 186, '0', '2022-07-07 05:34:21'),
(859, 5, 187, '0', '2022-07-07 05:34:21'),
(860, 5, 188, '0', '2022-07-07 05:34:21'),
(861, 5, 189, '0', '2022-07-07 05:34:21'),
(862, 5, 190, '0', '2022-07-07 05:34:21'),
(863, 5, 191, '0', '2022-07-07 05:34:21'),
(864, 5, 192, '0', '2022-07-07 05:34:21'),
(865, 5, 193, '0', '2022-07-07 05:34:21'),
(866, 5, 194, '0', '2022-07-07 05:34:21'),
(867, 5, 195, '0', '2022-07-07 05:34:21'),
(868, 5, 196, '0', '2022-07-07 05:34:21'),
(869, 5, 197, '0', '2022-07-07 05:34:21'),
(870, 5, 198, '0', '2022-07-07 05:34:21'),
(871, 5, 199, '0', '2022-07-07 05:34:21'),
(872, 5, 200, '0', '2022-07-07 05:34:21'),
(873, 5, 201, '0', '2022-07-07 05:34:21'),
(874, 5, 202, '0', '2022-07-07 05:34:21'),
(875, 5, 203, '0', '2022-07-07 05:34:21'),
(876, 5, 204, '0', '2022-07-07 05:34:21'),
(877, 5, 205, '0', '2022-07-07 05:34:21'),
(878, 5, 206, '0', '2022-07-07 05:34:21'),
(879, 5, 207, '0', '2022-07-07 05:34:21'),
(880, 5, 208, '0', '2022-07-07 05:34:21'),
(881, 5, 209, '0', '2022-07-07 05:34:21'),
(882, 5, 210, '0', '2022-07-07 05:34:21'),
(883, 5, 211, '0', '2022-07-07 05:34:21'),
(884, 5, 212, '0', '2022-07-07 05:34:21'),
(885, 5, 213, '0', '2022-07-07 05:34:21'),
(886, 5, 214, '0', '2022-07-07 05:34:21'),
(887, 5, 215, '0', '2022-07-07 05:34:21'),
(888, 5, 216, '0', '2022-07-07 05:34:21'),
(889, 5, 217, '0', '2022-07-07 05:34:21'),
(890, 5, 218, '0', '2022-07-07 05:34:21'),
(891, 5, 219, '0', '2022-07-07 05:34:21'),
(892, 5, 220, '0', '2022-07-07 05:34:21'),
(893, 5, 221, '0', '2022-07-07 05:34:21'),
(894, 5, 222, '0', '2022-07-07 05:34:21'),
(895, 5, 223, '0', '2022-07-07 05:34:21'),
(896, 5, 224, '0', '2022-07-07 05:34:21'),
(897, 5, 225, '0', '2022-07-07 05:34:21'),
(898, 5, 226, '0', '2022-07-07 05:34:21'),
(899, 5, 227, '0', '2022-07-07 05:34:21'),
(900, 5, 228, '0', '2022-07-07 05:34:21'),
(901, 5, 229, '0', '2022-07-07 05:34:21'),
(902, 5, 230, '0', '2022-07-07 05:34:21'),
(903, 5, 231, '0', '2022-07-07 05:34:21'),
(904, 5, 232, '0', '2022-07-07 05:34:21'),
(905, 5, 233, '0', '2022-07-07 05:34:21'),
(906, 5, 234, '0', '2022-07-07 05:34:21'),
(907, 5, 235, '0', '2022-07-07 05:34:21'),
(908, 5, 236, '0', '2022-07-07 05:34:21'),
(909, 5, 237, '0', '2022-07-07 05:34:21'),
(910, 5, 238, '0', '2022-07-07 05:34:21'),
(911, 5, 239, '0', '2022-07-07 05:34:21'),
(912, 5, 240, '0', '2022-07-07 05:34:21'),
(913, 5, 241, '0', '2022-07-07 05:34:21'),
(914, 5, 242, '0', '2022-07-07 05:34:21'),
(915, 5, 243, '0', '2022-07-07 05:34:21'),
(916, 5, 244, '0', '2022-07-07 05:34:21'),
(917, 5, 245, '0', '2022-07-07 05:34:21'),
(918, 5, 246, '0', '2022-07-07 05:34:21'),
(919, 3, 24, '0', '2022-07-07 05:34:50'),
(920, 3, 25, '0', '2022-07-07 05:34:50'),
(921, 3, 26, '0', '2022-07-07 05:34:50'),
(922, 3, 160, '0', '2022-07-07 05:34:50'),
(923, 3, 161, '0', '2022-07-07 05:34:50'),
(924, 3, 162, '0', '2022-07-07 05:34:50'),
(925, 3, 163, '0', '2022-07-07 05:34:50'),
(926, 3, 164, '0', '2022-07-07 05:34:50'),
(927, 3, 165, '0', '2022-07-07 05:34:50'),
(928, 3, 166, '0', '2022-07-07 05:34:50'),
(929, 3, 167, '0', '2022-07-07 05:34:50'),
(930, 3, 168, '0', '2022-07-07 05:34:50'),
(931, 3, 169, '0', '2022-07-07 05:34:50'),
(932, 3, 170, '0', '2022-07-07 05:34:50'),
(933, 3, 171, '0', '2022-07-07 05:34:50'),
(934, 3, 172, '0', '2022-07-07 05:34:50'),
(935, 3, 173, '0', '2022-07-07 05:34:50'),
(936, 3, 174, '0', '2022-07-07 05:34:50'),
(937, 3, 175, '0', '2022-07-07 05:34:50'),
(938, 3, 176, '0', '2022-07-07 05:34:50'),
(939, 3, 177, '0', '2022-07-07 05:34:50'),
(940, 3, 178, '0', '2022-07-07 05:34:50'),
(941, 3, 179, '0', '2022-07-07 05:34:50'),
(942, 3, 180, '0', '2022-07-07 05:34:50'),
(943, 3, 181, '0', '2022-07-07 05:34:50'),
(944, 3, 182, '0', '2022-07-07 05:34:50'),
(945, 3, 183, '0', '2022-07-07 05:34:50'),
(946, 3, 184, '0', '2022-07-07 05:34:50'),
(947, 3, 185, '0', '2022-07-07 05:34:50'),
(948, 3, 186, '0', '2022-07-07 05:34:50'),
(949, 3, 187, '0', '2022-07-07 05:34:50'),
(950, 3, 188, '0', '2022-07-07 05:34:50'),
(951, 3, 189, '0', '2022-07-07 05:34:50'),
(952, 3, 190, '0', '2022-07-07 05:34:50'),
(953, 3, 191, '0', '2022-07-07 05:34:50'),
(954, 3, 192, '0', '2022-07-07 05:34:50'),
(955, 3, 193, '0', '2022-07-07 05:34:50'),
(956, 3, 194, '0', '2022-07-07 05:34:50'),
(957, 3, 195, '0', '2022-07-07 05:34:50'),
(958, 3, 196, '0', '2022-07-07 05:34:50'),
(959, 3, 197, '0', '2022-07-07 05:34:50'),
(960, 3, 198, '0', '2022-07-07 05:34:50'),
(961, 3, 199, '0', '2022-07-07 05:34:50'),
(962, 3, 200, '0', '2022-07-07 05:34:50'),
(963, 3, 201, '0', '2022-07-07 05:34:50'),
(964, 3, 202, '0', '2022-07-07 05:34:50'),
(965, 3, 203, '0', '2022-07-07 05:34:50'),
(966, 3, 204, '0', '2022-07-07 05:34:50'),
(967, 3, 205, '0', '2022-07-07 05:34:50'),
(968, 3, 206, '0', '2022-07-07 05:34:50'),
(969, 3, 207, '0', '2022-07-07 05:34:50'),
(970, 3, 208, '0', '2022-07-07 05:34:50'),
(971, 3, 209, '0', '2022-07-07 05:34:50'),
(972, 3, 210, '0', '2022-07-07 05:34:50'),
(973, 3, 211, '0', '2022-07-07 05:34:50'),
(974, 3, 212, '0', '2022-07-07 05:34:50'),
(975, 3, 213, '0', '2022-07-07 05:34:50'),
(976, 3, 214, '0', '2022-07-07 05:34:50'),
(977, 3, 215, '0', '2022-07-07 05:34:50'),
(978, 3, 216, '0', '2022-07-07 05:34:50'),
(979, 3, 217, '0', '2022-07-07 05:34:50'),
(980, 3, 218, '0', '2022-07-07 05:34:50'),
(981, 3, 219, '0', '2022-07-07 05:34:50'),
(982, 3, 220, '0', '2022-07-07 05:34:50'),
(983, 3, 221, '0', '2022-07-07 05:34:50'),
(984, 3, 222, '0', '2022-07-07 05:34:50'),
(985, 3, 223, '0', '2022-07-07 05:34:50'),
(986, 3, 224, '0', '2022-07-07 05:34:50'),
(987, 3, 225, '0', '2022-07-07 05:34:50'),
(988, 3, 226, '0', '2022-07-07 05:34:50'),
(989, 3, 227, '0', '2022-07-07 05:34:50'),
(990, 3, 228, '0', '2022-07-07 05:34:50'),
(991, 3, 229, '0', '2022-07-07 05:34:50'),
(992, 3, 230, '0', '2022-07-07 05:34:50'),
(993, 3, 231, '0', '2022-07-07 05:34:50'),
(994, 3, 232, '0', '2022-07-07 05:34:50'),
(995, 3, 233, '0', '2022-07-07 05:34:50'),
(996, 3, 234, '0', '2022-07-07 05:34:50'),
(997, 3, 235, '0', '2022-07-07 05:34:50'),
(998, 3, 236, '0', '2022-07-07 05:34:50'),
(999, 3, 237, '0', '2022-07-07 05:34:50'),
(1000, 3, 238, '0', '2022-07-07 05:34:50'),
(1001, 3, 239, '0', '2022-07-07 05:34:50'),
(1002, 3, 240, '0', '2022-07-07 05:34:50'),
(1003, 3, 241, '0', '2022-07-07 05:34:50'),
(1004, 3, 242, '0', '2022-07-07 05:34:50'),
(1005, 3, 243, '0', '2022-07-07 05:34:50'),
(1006, 3, 244, '0', '2022-07-07 05:34:50'),
(1007, 3, 245, '0', '2022-07-07 05:34:50'),
(1008, 3, 246, '0', '2022-07-07 05:34:50'),
(1009, 5, 30, 'A', '2022-07-09 04:30:16'),
(1010, 5, 5, 'A', '2022-07-09 04:30:16'),
(1011, 5, 6, '0', '2022-07-09 04:30:16'),
(1012, 5, 256, '0', '2022-07-09 04:30:16'),
(1013, 5, 257, '0', '2022-07-09 04:30:16'),
(1014, 5, 258, '0', '2022-07-09 04:30:16'),
(1015, 5, 259, '0', '2022-07-09 04:30:16'),
(1016, 5, 260, '0', '2022-07-09 04:30:16'),
(1017, 5, 261, '0', '2022-07-09 04:30:16'),
(1018, 5, 262, '0', '2022-07-09 04:30:16'),
(1019, 5, 263, '0', '2022-07-09 04:30:16'),
(1020, 5, 264, '0', '2022-07-09 04:30:16'),
(1021, 5, 265, '0', '2022-07-09 04:30:16'),
(1022, 5, 266, '0', '2022-07-09 04:30:16'),
(1023, 5, 267, '0', '2022-07-09 04:30:16'),
(1024, 5, 268, '0', '2022-07-09 04:30:16'),
(1025, 5, 269, '0', '2022-07-09 04:30:16'),
(1026, 5, 270, '0', '2022-07-09 04:30:16'),
(1027, 5, 271, '0', '2022-07-09 04:30:16'),
(1028, 5, 272, '0', '2022-07-09 04:30:16'),
(1029, 5, 273, '0', '2022-07-09 04:30:16'),
(1030, 5, 274, '0', '2022-07-09 04:30:16'),
(1031, 5, 275, '0', '2022-07-09 04:30:16'),
(1032, 5, 276, '0', '2022-07-09 04:30:16'),
(1033, 5, 277, '0', '2022-07-09 04:30:16'),
(1034, 5, 278, '0', '2022-07-09 04:30:16'),
(1035, 5, 279, '0', '2022-07-09 04:30:16'),
(1036, 5, 280, '0', '2022-07-09 04:30:16'),
(1037, 5, 281, '0', '2022-07-09 04:30:16'),
(1038, 5, 282, 'A', '2022-07-09 04:30:16'),
(1039, 5, 19, '0', '2022-07-09 05:04:00'),
(1040, 5, 20, '0', '2022-07-09 05:04:00'),
(1041, 5, 21, '0', '2022-07-09 05:04:00'),
(1042, 5, 22, '0', '2022-07-09 05:04:00'),
(1043, 5, 23, '0', '2022-07-09 05:04:00'),
(1044, 5, 24, '0', '2022-07-09 05:04:00'),
(1045, 5, 25, '0', '2022-07-09 05:04:00'),
(1046, 5, 26, '0', '2022-07-09 05:04:00'),
(1047, 5, 27, '0', '2022-07-09 05:04:00'),
(1048, 5, 28, '0', '2022-07-09 05:04:00'),
(1049, 5, 29, '0', '2022-07-09 05:04:00'),
(1050, 5, 30, '0', '2022-07-09 05:04:00'),
(1051, 5, 31, '0', '2022-07-09 05:04:00'),
(1052, 5, 32, '0', '2022-07-09 05:04:00'),
(1053, 5, 33, '0', '2022-07-09 05:04:00'),
(1054, 5, 34, '0', '2022-07-09 05:04:00'),
(1055, 5, 35, '0', '2022-07-09 05:04:00'),
(1056, 5, 36, '0', '2022-07-09 05:04:00'),
(1057, 5, 37, '0', '2022-07-09 05:04:00'),
(1058, 5, 38, '0', '2022-07-09 05:04:00'),
(1059, 5, 39, '0', '2022-07-09 05:04:00'),
(1060, 5, 40, '0', '2022-07-09 05:04:00'),
(1061, 5, 41, '0', '2022-07-09 05:04:00'),
(1062, 5, 42, '0', '2022-07-09 05:04:00'),
(1063, 5, 43, '0', '2022-07-09 05:04:00'),
(1064, 5, 44, '0', '2022-07-09 05:04:00'),
(1065, 5, 45, '0', '2022-07-09 05:04:00'),
(1066, 5, 46, '0', '2022-07-09 05:04:00'),
(1067, 5, 47, '0', '2022-07-09 05:04:00'),
(1068, 5, 48, '0', '2022-07-09 05:04:00'),
(1069, 5, 49, '0', '2022-07-09 05:04:00'),
(1070, 5, 50, '0', '2022-07-09 05:04:00'),
(1071, 5, 51, '0', '2022-07-09 05:04:00'),
(1072, 5, 52, '0', '2022-07-09 05:04:00'),
(1073, 5, 53, '0', '2022-07-09 05:04:00'),
(1074, 5, 54, '0', '2022-07-09 05:04:00'),
(1075, 5, 55, '0', '2022-07-09 05:04:00'),
(1076, 5, 56, '0', '2022-07-09 05:04:00'),
(1077, 5, 57, '0', '2022-07-09 05:04:00'),
(1078, 5, 58, '0', '2022-07-09 05:04:00'),
(1079, 5, 59, '0', '2022-07-09 05:04:00'),
(1080, 5, 60, '0', '2022-07-09 05:04:00'),
(1081, 5, 61, '0', '2022-07-09 05:04:00'),
(1082, 5, 62, '0', '2022-07-09 05:04:00'),
(1083, 5, 63, '0', '2022-07-09 05:04:00'),
(1084, 5, 64, '0', '2022-07-09 05:04:00'),
(1085, 5, 65, '0', '2022-07-09 05:04:00'),
(1086, 5, 66, '0', '2022-07-09 05:04:00'),
(1087, 5, 67, '0', '2022-07-09 05:04:00'),
(1088, 5, 68, '0', '2022-07-09 05:04:00'),
(1089, 5, 69, '0', '2022-07-09 05:04:00'),
(1090, 5, 70, '0', '2022-07-09 05:04:00'),
(1091, 5, 71, '0', '2022-07-09 05:04:00'),
(1092, 5, 72, '0', '2022-07-09 05:04:00'),
(1093, 5, 73, '0', '2022-07-09 05:04:00'),
(1094, 5, 74, '0', '2022-07-09 05:04:00'),
(1095, 5, 75, '0', '2022-07-09 05:04:00'),
(1096, 5, 76, '0', '2022-07-09 05:04:00'),
(1097, 5, 77, '0', '2022-07-09 05:04:00'),
(1098, 5, 78, '0', '2022-07-09 05:04:00'),
(1099, 5, 79, '0', '2022-07-09 05:04:00'),
(1100, 5, 80, '0', '2022-07-09 05:04:00'),
(1101, 5, 81, '0', '2022-07-09 05:04:00'),
(1102, 5, 82, '0', '2022-07-09 05:04:00'),
(1103, 5, 83, '0', '2022-07-09 05:04:00'),
(1104, 5, 84, '0', '2022-07-09 05:04:00'),
(1105, 5, 85, '0', '2022-07-09 05:04:00'),
(1106, 5, 86, '0', '2022-07-09 05:04:00'),
(1107, 5, 87, '0', '2022-07-09 05:04:00'),
(1108, 5, 88, '0', '2022-07-09 05:04:00'),
(1109, 5, 89, '0', '2022-07-09 05:04:00'),
(1110, 5, 90, '0', '2022-07-09 05:04:00'),
(1111, 5, 91, '0', '2022-07-09 05:04:00'),
(1112, 5, 92, '0', '2022-07-09 05:04:00'),
(1113, 5, 93, '0', '2022-07-09 05:04:00'),
(1114, 5, 94, '0', '2022-07-09 05:04:00'),
(1115, 5, 95, '0', '2022-07-09 05:04:00'),
(1116, 5, 96, '0', '2022-07-09 05:04:00'),
(1117, 5, 97, '0', '2022-07-09 05:04:00'),
(1118, 5, 98, '0', '2022-07-09 05:04:00'),
(1119, 5, 99, '0', '2022-07-09 05:04:00'),
(1120, 5, 100, '0', '2022-07-09 05:04:00'),
(1121, 5, 101, '0', '2022-07-09 05:04:00'),
(1122, 5, 102, '0', '2022-07-09 05:04:00'),
(1123, 5, 103, '0', '2022-07-09 05:04:00'),
(1124, 5, 104, '0', '2022-07-09 05:04:00'),
(1125, 5, 105, '0', '2022-07-09 05:04:00'),
(1126, 5, 106, '0', '2022-07-09 05:04:00'),
(1127, 5, 107, '0', '2022-07-09 05:04:00'),
(1128, 5, 108, '0', '2022-07-09 05:04:00'),
(1129, 5, 109, '0', '2022-07-09 05:04:00'),
(1130, 5, 110, '0', '2022-07-09 05:04:00'),
(1131, 5, 111, '0', '2022-07-09 05:04:00'),
(1132, 5, 112, '0', '2022-07-09 05:04:00'),
(1133, 5, 113, '0', '2022-07-09 05:04:00'),
(1134, 5, 114, '0', '2022-07-09 05:04:00'),
(1135, 5, 115, '0', '2022-07-09 05:04:00'),
(1136, 5, 116, '0', '2022-07-09 05:04:00'),
(1137, 5, 117, '0', '2022-07-09 05:04:00'),
(1138, 5, 118, '0', '2022-07-09 05:04:00'),
(1139, 5, 119, '0', '2022-07-09 05:04:00'),
(1140, 5, 120, '0', '2022-07-09 05:04:00'),
(1141, 5, 121, '0', '2022-07-09 05:04:00'),
(1142, 5, 122, '0', '2022-07-09 05:04:00'),
(1143, 5, 123, '0', '2022-07-09 05:04:00'),
(1144, 5, 124, '0', '2022-07-09 05:04:00'),
(1145, 5, 125, '0', '2022-07-09 05:04:00'),
(1146, 5, 126, '0', '2022-07-09 05:04:00'),
(1147, 5, 127, '0', '2022-07-09 05:04:00'),
(1148, 5, 128, '0', '2022-07-09 05:04:00'),
(1149, 5, 129, '0', '2022-07-09 05:04:00'),
(1150, 5, 130, '0', '2022-07-09 05:04:00'),
(1151, 5, 131, '0', '2022-07-09 05:04:00'),
(1152, 5, 132, '0', '2022-07-09 05:04:00'),
(1153, 5, 133, '0', '2022-07-09 05:04:00'),
(1154, 5, 134, '0', '2022-07-09 05:04:00'),
(1155, 5, 135, '0', '2022-07-09 05:04:00'),
(1156, 5, 136, '0', '2022-07-09 05:04:00'),
(1157, 5, 137, '0', '2022-07-09 05:04:00'),
(1158, 5, 138, '0', '2022-07-09 05:04:00'),
(1159, 5, 139, '0', '2022-07-09 05:04:00'),
(1160, 5, 140, '0', '2022-07-09 05:04:00'),
(1161, 5, 141, '0', '2022-07-09 05:04:00'),
(1162, 5, 142, '0', '2022-07-09 05:04:00'),
(1163, 5, 143, '0', '2022-07-09 05:04:00'),
(1164, 5, 144, '0', '2022-07-09 05:04:00'),
(1165, 5, 145, '0', '2022-07-09 05:04:00'),
(1166, 5, 146, '0', '2022-07-09 05:04:00'),
(1167, 5, 147, '0', '2022-07-09 05:04:00'),
(1168, 5, 148, '0', '2022-07-09 05:04:00'),
(1169, 5, 149, '0', '2022-07-09 05:04:00'),
(1170, 5, 150, '0', '2022-07-09 05:04:00'),
(1171, 5, 151, '0', '2022-07-09 05:04:00'),
(1172, 5, 152, '0', '2022-07-09 05:04:00'),
(1173, 5, 153, '0', '2022-07-09 05:04:00'),
(1174, 5, 154, '0', '2022-07-09 05:04:00'),
(1175, 5, 155, '0', '2022-07-09 05:04:00'),
(1176, 5, 156, '0', '2022-07-09 05:04:00'),
(1177, 5, 157, '0', '2022-07-09 05:04:00'),
(1178, 5, 158, '0', '2022-07-09 05:04:00'),
(1179, 5, 159, '0', '2022-07-09 05:04:00'),
(1180, 5, 160, '0', '2022-07-09 05:04:00'),
(1181, 5, 161, '0', '2022-07-09 05:04:00'),
(1182, 5, 162, '0', '2022-07-09 05:04:00'),
(1183, 5, 163, '0', '2022-07-09 05:04:00'),
(1184, 5, 164, '0', '2022-07-09 05:04:00'),
(1185, 5, 165, '0', '2022-07-09 05:04:00'),
(1186, 5, 166, '0', '2022-07-09 05:04:00'),
(1187, 5, 167, '0', '2022-07-09 05:04:00'),
(1188, 5, 168, '0', '2022-07-09 05:04:00'),
(1189, 5, 169, '0', '2022-07-09 05:04:00'),
(1190, 5, 170, '0', '2022-07-09 05:04:00'),
(1191, 5, 171, '0', '2022-07-09 05:04:00'),
(1192, 5, 172, '0', '2022-07-09 05:04:00'),
(1193, 5, 173, '0', '2022-07-09 05:04:00'),
(1194, 5, 174, '0', '2022-07-09 05:04:00'),
(1195, 5, 175, '0', '2022-07-09 05:04:00'),
(1196, 5, 176, '0', '2022-07-09 05:04:00'),
(1197, 5, 177, '0', '2022-07-09 05:04:00'),
(1198, 5, 178, '0', '2022-07-09 05:04:00'),
(1199, 5, 179, '0', '2022-07-09 05:04:00'),
(1200, 5, 180, '0', '2022-07-09 05:04:00'),
(1201, 5, 181, '0', '2022-07-09 05:04:00'),
(1202, 5, 182, '0', '2022-07-09 05:04:00'),
(1203, 5, 183, '0', '2022-07-09 05:04:00'),
(1204, 5, 184, '0', '2022-07-09 05:04:00'),
(1205, 5, 185, '0', '2022-07-09 05:04:00'),
(1206, 5, 186, '0', '2022-07-09 05:04:00'),
(1207, 5, 187, '0', '2022-07-09 05:04:00'),
(1208, 5, 188, '0', '2022-07-09 05:04:00'),
(1209, 5, 189, '0', '2022-07-09 05:04:00'),
(1210, 5, 190, '0', '2022-07-09 05:04:00'),
(1211, 5, 191, '0', '2022-07-09 05:04:00'),
(1212, 5, 192, '0', '2022-07-09 05:04:00'),
(1213, 5, 193, '0', '2022-07-09 05:04:00'),
(1214, 5, 194, '0', '2022-07-09 05:04:00'),
(1215, 5, 195, '0', '2022-07-09 05:04:00'),
(1216, 5, 196, '0', '2022-07-09 05:04:00'),
(1217, 5, 197, '0', '2022-07-09 05:04:00'),
(1218, 5, 198, '0', '2022-07-09 05:04:00'),
(1219, 5, 199, '0', '2022-07-09 05:04:00'),
(1220, 5, 200, '0', '2022-07-09 05:04:00'),
(1221, 5, 201, '0', '2022-07-09 05:04:00');
INSERT INTO `answers` (`id`, `user_id`, `question_id`, `answer`, `date_created`) VALUES
(1222, 5, 202, '0', '2022-07-09 05:04:00'),
(1223, 5, 203, '0', '2022-07-09 05:04:00'),
(1224, 5, 204, '0', '2022-07-09 05:04:00'),
(1225, 5, 205, '0', '2022-07-09 05:04:00'),
(1226, 5, 206, '0', '2022-07-09 05:04:00'),
(1227, 5, 207, '0', '2022-07-09 05:04:00'),
(1228, 5, 208, '0', '2022-07-09 05:04:00'),
(1229, 5, 209, '0', '2022-07-09 05:04:00'),
(1230, 5, 210, '0', '2022-07-09 05:04:00'),
(1231, 5, 211, '0', '2022-07-09 05:04:00'),
(1232, 5, 212, '0', '2022-07-09 05:04:00'),
(1233, 5, 213, '0', '2022-07-09 05:04:00'),
(1234, 5, 214, '0', '2022-07-09 05:04:00'),
(1235, 5, 215, '0', '2022-07-09 05:04:00'),
(1236, 5, 216, '0', '2022-07-09 05:04:00'),
(1237, 5, 217, '0', '2022-07-09 05:04:00'),
(1238, 5, 218, '0', '2022-07-09 05:04:00'),
(1239, 5, 219, '0', '2022-07-09 05:04:00'),
(1240, 5, 220, '0', '2022-07-09 05:04:00'),
(1241, 5, 221, '0', '2022-07-09 05:04:00'),
(1242, 5, 222, '0', '2022-07-09 05:04:00'),
(1243, 5, 223, '0', '2022-07-09 05:04:00'),
(1244, 5, 224, '0', '2022-07-09 05:04:00'),
(1245, 5, 225, '0', '2022-07-09 05:04:00'),
(1246, 5, 226, '0', '2022-07-09 05:04:00'),
(1247, 5, 227, '0', '2022-07-09 05:04:00'),
(1248, 5, 228, '0', '2022-07-09 05:04:00'),
(1249, 5, 229, '0', '2022-07-09 05:04:00'),
(1250, 5, 230, '0', '2022-07-09 05:04:00'),
(1251, 5, 231, '0', '2022-07-09 05:04:00'),
(1252, 5, 232, '0', '2022-07-09 05:04:00'),
(1253, 5, 233, '0', '2022-07-09 05:04:00'),
(1254, 5, 234, '0', '2022-07-09 05:04:00'),
(1255, 5, 235, '0', '2022-07-09 05:04:00'),
(1256, 5, 236, '0', '2022-07-09 05:04:00'),
(1257, 5, 237, '0', '2022-07-09 05:04:00'),
(1258, 5, 238, '0', '2022-07-09 05:04:00'),
(1259, 5, 239, '0', '2022-07-09 05:04:00'),
(1260, 5, 240, '0', '2022-07-09 05:04:00'),
(1261, 5, 241, '0', '2022-07-09 05:04:00'),
(1262, 5, 242, '0', '2022-07-09 05:04:00'),
(1263, 5, 243, '0', '2022-07-09 05:04:00'),
(1264, 5, 244, '0', '2022-07-09 05:04:00'),
(1265, 5, 245, '0', '2022-07-09 05:04:00'),
(1266, 5, 246, '0', '2022-07-09 05:04:00'),
(1267, 5, 247, '0', '2022-07-09 05:04:00'),
(1268, 5, 248, '0', '2022-07-09 05:04:00'),
(1269, 5, 249, '0', '2022-07-09 05:04:00'),
(1270, 5, 250, '0', '2022-07-09 05:04:00'),
(1271, 5, 251, '0', '2022-07-09 05:04:00'),
(1272, 5, 252, '0', '2022-07-09 05:04:00'),
(1273, 5, 253, '0', '2022-07-09 05:04:00'),
(1274, 5, 254, '0', '2022-07-09 05:04:00'),
(1275, 5, 255, '0', '2022-07-09 05:04:00'),
(1276, 5, 256, '0', '2022-07-09 05:04:00'),
(1277, 5, 257, '0', '2022-07-09 05:04:00'),
(1278, 5, 258, '0', '2022-07-09 05:04:00'),
(1279, 5, 259, '0', '2022-07-09 05:04:00'),
(1280, 5, 260, '0', '2022-07-09 05:04:00'),
(1281, 5, 261, '0', '2022-07-09 05:04:00'),
(1282, 5, 262, '0', '2022-07-09 05:04:00'),
(1283, 5, 263, '0', '2022-07-09 05:04:00'),
(1284, 5, 264, '0', '2022-07-09 05:04:00'),
(1285, 5, 265, '0', '2022-07-09 05:04:00'),
(1286, 5, 266, '0', '2022-07-09 05:04:00'),
(1287, 5, 267, '0', '2022-07-09 05:04:00'),
(1288, 5, 268, '0', '2022-07-09 05:04:00'),
(1289, 5, 269, '0', '2022-07-09 05:04:00'),
(1290, 5, 270, '0', '2022-07-09 05:04:00'),
(1291, 5, 271, '0', '2022-07-09 05:04:00'),
(1292, 5, 272, '0', '2022-07-09 05:04:00'),
(1293, 5, 273, '0', '2022-07-09 05:04:00'),
(1294, 5, 274, '0', '2022-07-09 05:04:00'),
(1295, 5, 275, '0', '2022-07-09 05:04:00'),
(1296, 5, 276, '0', '2022-07-09 05:04:00'),
(1297, 5, 277, '0', '2022-07-09 05:04:00'),
(1298, 5, 278, '0', '2022-07-09 05:04:00'),
(1299, 5, 279, '0', '2022-07-09 05:04:00'),
(1300, 5, 280, '0', '2022-07-09 05:04:00'),
(1301, 5, 281, '0', '2022-07-09 05:04:00'),
(1302, 5, 282, '0', '2022-07-09 05:04:00'),
(1303, 5, 283, '0', '2022-07-09 05:04:00'),
(1304, 5, 284, '0', '2022-07-09 05:04:00'),
(1305, 5, 285, '0', '2022-07-09 05:04:00'),
(1306, 5, 286, '0', '2022-07-09 05:04:00'),
(1307, 5, 287, '0', '2022-07-09 05:04:00'),
(1308, 5, 288, '0', '2022-07-09 05:04:00'),
(1309, 5, 289, '0', '2022-07-09 05:04:00'),
(1310, 5, 290, '0', '2022-07-09 05:04:00'),
(1311, 5, 291, '0', '2022-07-09 05:04:00'),
(1312, 5, 292, '0', '2022-07-09 05:04:00'),
(1313, 5, 293, '0', '2022-07-09 05:04:00'),
(1314, 5, 294, '0', '2022-07-09 05:04:00'),
(1315, 5, 295, '0', '2022-07-09 05:04:00'),
(1316, 5, 296, '0', '2022-07-09 05:04:00'),
(1317, 5, 297, '0', '2022-07-09 05:04:00'),
(1318, 5, 298, '0', '2022-07-09 05:04:00'),
(1319, 5, 299, '0', '2022-07-09 05:04:00'),
(1320, 5, 300, '0', '2022-07-09 05:04:00'),
(1321, 5, 301, '0', '2022-07-09 05:04:00'),
(1322, 5, 302, '0', '2022-07-09 05:04:00'),
(1323, 5, 303, '0', '2022-07-09 05:04:00'),
(1324, 5, 304, '0', '2022-07-09 05:04:00'),
(1325, 5, 305, '0', '2022-07-09 05:04:00'),
(1326, 5, 306, '0', '2022-07-09 05:04:00'),
(1327, 5, 307, '0', '2022-07-09 05:04:00'),
(1328, 5, 308, '0', '2022-07-09 05:04:00'),
(1329, 5, 309, '0', '2022-07-09 05:04:00'),
(1330, 5, 310, '0', '2022-07-09 05:04:00'),
(1331, 5, 311, '0', '2022-07-09 05:04:00'),
(1332, 5, 312, '0', '2022-07-09 05:04:00'),
(1333, 5, 313, '0', '2022-07-09 05:04:00'),
(1334, 5, 314, '0', '2022-07-09 05:04:00'),
(1335, 5, 315, '0', '2022-07-09 05:04:00'),
(1336, 5, 316, '0', '2022-07-09 05:04:00'),
(1337, 5, 317, '0', '2022-07-09 05:04:00'),
(1338, 5, 318, '0', '2022-07-09 05:04:00'),
(1339, 5, 319, '0', '2022-07-09 05:04:00'),
(1340, 5, 320, '0', '2022-07-09 05:04:00'),
(1341, 5, 321, '0', '2022-07-09 05:04:00'),
(1342, 5, 322, '0', '2022-07-09 05:04:00'),
(1343, 5, 323, '0', '2022-07-09 05:04:00'),
(1344, 5, 324, '0', '2022-07-09 05:04:00'),
(1345, 5, 325, '0', '2022-07-09 05:04:00'),
(1346, 5, 326, '0', '2022-07-09 05:04:00'),
(1347, 5, 327, '0', '2022-07-09 05:04:00'),
(1348, 5, 328, '0', '2022-07-09 05:04:00'),
(1349, 5, 329, '0', '2022-07-09 05:04:00'),
(1350, 5, 330, '0', '2022-07-09 05:04:00'),
(1351, 5, 331, '0', '2022-07-09 05:04:00'),
(1352, 5, 332, '0', '2022-07-09 05:04:00'),
(1353, 5, 333, '0', '2022-07-09 05:04:00'),
(1354, 5, 334, '0', '2022-07-09 05:04:00'),
(1355, 5, 335, '0', '2022-07-09 05:04:00'),
(1356, 5, 336, '0', '2022-07-09 05:04:00'),
(1357, 5, 337, '0', '2022-07-09 05:04:00'),
(1358, 5, 338, '0', '2022-07-09 05:04:00'),
(1359, 5, 339, '0', '2022-07-09 05:04:00'),
(1360, 5, 340, '0', '2022-07-09 05:04:00'),
(1361, 5, 341, '0', '2022-07-09 05:04:00'),
(1362, 5, 342, '0', '2022-07-09 05:04:00'),
(1363, 5, 343, '0', '2022-07-09 05:04:00'),
(1364, 5, 344, '0', '2022-07-09 05:04:00'),
(1365, 5, 345, '0', '2022-07-09 05:04:00'),
(1366, 5, 346, '0', '2022-07-09 05:04:00'),
(1367, 5, 347, '0', '2022-07-09 05:04:00'),
(1368, 5, 348, '0', '2022-07-09 05:04:00'),
(1369, 5, 349, '0', '2022-07-09 05:04:00'),
(1370, 5, 350, '0', '2022-07-09 05:04:00'),
(1371, 5, 351, '0', '2022-07-09 05:04:00'),
(1372, 5, 352, '0', '2022-07-09 05:04:00'),
(1373, 5, 353, '0', '2022-07-09 05:04:00'),
(1374, 5, 354, '0', '2022-07-09 05:04:00'),
(1375, 5, 355, '0', '2022-07-09 05:04:00'),
(1376, 5, 356, '0', '2022-07-09 05:04:00'),
(1377, 5, 357, '0', '2022-07-09 05:04:00'),
(1378, 5, 358, '0', '2022-07-09 05:04:00'),
(1379, 5, 359, '0', '2022-07-09 05:04:00'),
(1380, 5, 360, '0', '2022-07-09 05:04:00'),
(1381, 5, 361, '0', '2022-07-09 05:04:00'),
(1382, 5, 362, '0', '2022-07-09 05:04:00'),
(1383, 5, 363, '0', '2022-07-09 05:04:00'),
(1384, 5, 364, '0', '2022-07-09 05:04:00'),
(1385, 5, 365, '0', '2022-07-09 05:04:00'),
(1386, 5, 366, '0', '2022-07-09 05:04:00'),
(1387, 5, 367, '0', '2022-07-09 05:04:00'),
(1388, 5, 368, '0', '2022-07-09 05:04:00'),
(1389, 5, 369, '0', '2022-07-09 05:04:00'),
(1390, 5, 370, '0', '2022-07-09 05:04:00'),
(1391, 5, 371, '0', '2022-07-09 05:04:00'),
(1392, 5, 372, '0', '2022-07-09 05:04:00'),
(1393, 5, 373, '0', '2022-07-09 05:04:00'),
(1394, 5, 374, '0', '2022-07-09 05:04:00'),
(1395, 5, 375, '0', '2022-07-09 05:04:00'),
(1396, 5, 376, '0', '2022-07-09 05:04:00'),
(1397, 5, 377, '0', '2022-07-09 05:04:00'),
(1398, 5, 378, '0', '2022-07-09 05:04:00'),
(1399, 5, 379, '0', '2022-07-09 05:04:00'),
(1400, 5, 380, '0', '2022-07-09 05:04:00'),
(1401, 5, 381, '0', '2022-07-09 05:04:00'),
(1402, 5, 382, '0', '2022-07-09 05:04:00'),
(1403, 5, 383, '0', '2022-07-09 05:04:00'),
(1404, 5, 384, '0', '2022-07-09 05:04:00'),
(1405, 5, 385, '0', '2022-07-09 05:04:00'),
(1406, 5, 386, '0', '2022-07-09 05:04:00'),
(1407, 5, 387, '0', '2022-07-09 05:04:00'),
(1408, 5, 388, '0', '2022-07-09 05:04:00'),
(1409, 5, 389, '0', '2022-07-09 05:04:00'),
(1410, 5, 390, '0', '2022-07-09 05:04:00'),
(1411, 5, 391, '0', '2022-07-09 05:04:00'),
(1412, 5, 392, '0', '2022-07-09 05:04:00'),
(1413, 5, 393, '0', '2022-07-09 05:04:00'),
(1414, 5, 394, '0', '2022-07-09 05:04:00'),
(1415, 5, 395, '0', '2022-07-09 05:04:00'),
(1416, 5, 396, '0', '2022-07-09 05:04:00'),
(1417, 5, 397, '0', '2022-07-09 05:04:00'),
(1418, 5, 398, '0', '2022-07-09 05:04:00'),
(1419, 5, 399, '0', '2022-07-09 05:04:00'),
(1420, 5, 400, '0', '2022-07-09 05:04:00'),
(1421, 5, 401, '0', '2022-07-09 05:04:00'),
(1422, 5, 402, '0', '2022-07-09 05:04:00'),
(1423, 5, 403, '0', '2022-07-09 05:04:00'),
(1424, 5, 404, '0', '2022-07-09 05:04:00'),
(1425, 5, 405, '0', '2022-07-09 05:04:00'),
(1426, 5, 406, '0', '2022-07-09 05:04:00'),
(1427, 5, 407, '0', '2022-07-09 05:04:00'),
(1428, 5, 408, '0', '2022-07-09 05:04:00'),
(1429, 5, 409, '0', '2022-07-09 05:04:00'),
(1430, 5, 410, '0', '2022-07-09 05:04:00'),
(1431, 5, 411, '0', '2022-07-09 05:04:00'),
(1432, 5, 412, '0', '2022-07-09 05:04:00'),
(1433, 5, 413, '0', '2022-07-09 05:04:00'),
(1434, 5, 414, '0', '2022-07-09 05:04:00'),
(1435, 5, 415, '0', '2022-07-09 05:04:00'),
(1436, 5, 416, '0', '2022-07-09 05:04:00'),
(1437, 5, 417, '0', '2022-07-09 05:04:00'),
(1438, 5, 418, '0', '2022-07-09 05:04:00'),
(1439, 5, 419, '0', '2022-07-09 05:04:00'),
(1440, 5, 420, '0', '2022-07-09 05:04:00'),
(1441, 5, 421, '0', '2022-07-09 05:04:00'),
(1442, 5, 422, '0', '2022-07-09 05:04:00'),
(1443, 5, 423, '0', '2022-07-09 05:04:00'),
(1444, 5, 424, '0', '2022-07-09 05:04:00'),
(1445, 5, 425, '0', '2022-07-09 05:04:00'),
(1446, 5, 426, '0', '2022-07-09 05:04:00'),
(1447, 5, 427, '0', '2022-07-09 05:04:00'),
(1448, 5, 428, '0', '2022-07-09 05:04:00'),
(1449, 5, 429, '0', '2022-07-09 05:04:00'),
(1450, 5, 430, '0', '2022-07-09 05:04:00'),
(1451, 5, 431, '0', '2022-07-09 05:04:00'),
(1452, 5, 432, '0', '2022-07-09 05:04:00'),
(1453, 5, 433, '0', '2022-07-09 05:04:00'),
(1454, 5, 434, '0', '2022-07-09 05:04:00'),
(1455, 5, 435, '0', '2022-07-09 05:04:00'),
(1456, 5, 436, '0', '2022-07-09 05:04:00'),
(1457, 5, 437, '0', '2022-07-09 05:04:00'),
(1458, 5, 438, '0', '2022-07-09 05:04:00'),
(1459, 5, 439, '0', '2022-07-09 05:04:00'),
(1460, 5, 440, '0', '2022-07-09 05:04:00'),
(1461, 5, 441, '0', '2022-07-09 05:04:00'),
(1462, 5, 442, '0', '2022-07-09 05:04:00'),
(1463, 5, 443, '0', '2022-07-09 05:04:00'),
(1464, 5, 444, '0', '2022-07-09 05:04:00'),
(1465, 5, 445, '0', '2022-07-09 05:04:00'),
(1466, 5, 446, '0', '2022-07-09 05:04:00'),
(1467, 5, 447, '0', '2022-07-09 05:04:00'),
(1468, 5, 448, '0', '2022-07-09 05:04:00'),
(1469, 5, 449, '0', '2022-07-09 05:04:00'),
(1470, 5, 450, '0', '2022-07-09 05:04:00'),
(1471, 5, 451, '0', '2022-07-09 05:04:00'),
(1472, 5, 452, '0', '2022-07-09 05:04:00'),
(1473, 5, 453, '0', '2022-07-09 05:04:00'),
(1474, 5, 454, '0', '2022-07-09 05:04:00'),
(1475, 5, 455, '0', '2022-07-09 05:04:00'),
(1476, 5, 456, '0', '2022-07-09 05:04:00'),
(1477, 5, 457, '0', '2022-07-09 05:04:00'),
(1478, 5, 458, '0', '2022-07-09 05:04:00'),
(1479, 5, 459, '0', '2022-07-09 05:04:00'),
(1480, 5, 460, '0', '2022-07-09 05:04:00'),
(1481, 5, 461, '0', '2022-07-09 05:04:00'),
(1482, 5, 462, '0', '2022-07-09 05:04:00'),
(1483, 5, 463, '0', '2022-07-09 05:04:00'),
(1484, 5, 464, '0', '2022-07-09 05:04:00'),
(1485, 5, 465, '0', '2022-07-09 05:04:00'),
(1486, 5, 466, '0', '2022-07-09 05:04:00'),
(1487, 5, 467, '0', '2022-07-09 05:04:00'),
(1488, 5, 468, '0', '2022-07-09 05:04:00'),
(1489, 5, 469, '0', '2022-07-09 05:04:00'),
(1490, 5, 470, '0', '2022-07-09 05:04:00'),
(1491, 5, 471, '0', '2022-07-09 05:04:00'),
(1492, 5, 472, '0', '2022-07-09 05:04:00'),
(1493, 5, 473, '0', '2022-07-09 05:04:00'),
(1494, 5, 474, '0', '2022-07-09 05:04:00'),
(1495, 5, 475, '0', '2022-07-09 05:04:00'),
(1496, 5, 476, '0', '2022-07-09 05:04:00'),
(1497, 5, 477, '0', '2022-07-09 05:04:00'),
(1498, 5, 478, '0', '2022-07-09 05:04:00'),
(1499, 5, 479, '0', '2022-07-09 05:04:00'),
(1500, 5, 480, '0', '2022-07-09 05:04:00'),
(1501, 5, 481, '0', '2022-07-09 05:04:00'),
(1502, 5, 482, '0', '2022-07-09 05:04:00'),
(1503, 5, 483, '0', '2022-07-09 05:04:00'),
(1504, 5, 484, '0', '2022-07-09 05:04:00'),
(1505, 5, 485, '0', '2022-07-09 05:04:00'),
(1506, 5, 486, '0', '2022-07-09 05:04:00'),
(1507, 5, 487, '0', '2022-07-09 05:04:00'),
(1508, 5, 488, '0', '2022-07-09 05:04:00'),
(1509, 5, 489, '0', '2022-07-09 05:04:00'),
(1510, 5, 490, '0', '2022-07-09 05:04:00'),
(1511, 5, 491, '0', '2022-07-09 05:04:00'),
(1512, 5, 492, '0', '2022-07-09 05:04:00'),
(1513, 5, 493, '0', '2022-07-09 05:04:00'),
(1514, 5, 494, '0', '2022-07-09 05:04:00'),
(1515, 5, 495, '0', '2022-07-09 05:04:00'),
(1516, 5, 496, '0', '2022-07-09 05:04:00'),
(1517, 5, 497, '0', '2022-07-09 05:04:00'),
(1518, 5, 498, '0', '2022-07-09 05:04:00'),
(1519, 5, 499, '0', '2022-07-09 05:04:00'),
(1520, 5, 500, '0', '2022-07-09 05:04:00'),
(1521, 5, 501, '0', '2022-07-09 05:04:00'),
(1522, 5, 502, '0', '2022-07-09 05:04:00'),
(1523, 5, 503, '0', '2022-07-09 05:04:00'),
(1524, 5, 504, '0', '2022-07-09 05:04:00'),
(1525, 5, 505, '0', '2022-07-09 05:04:00'),
(1526, 5, 506, '0', '2022-07-09 05:04:00'),
(1527, 5, 507, '0', '2022-07-09 05:04:00'),
(1528, 5, 508, '0', '2022-07-09 05:04:00'),
(1529, 5, 509, '0', '2022-07-09 05:04:00'),
(1530, 5, 510, '0', '2022-07-09 05:04:00'),
(1531, 5, 511, '0', '2022-07-09 05:04:00'),
(1532, 5, 512, '0', '2022-07-09 05:04:00'),
(1533, 5, 513, '0', '2022-07-09 05:04:00'),
(1534, 5, 514, '0', '2022-07-09 05:04:00'),
(1535, 5, 515, '0', '2022-07-09 05:04:00'),
(1536, 5, 19, '0', '2022-07-09 05:04:24'),
(1537, 5, 20, '0', '2022-07-09 05:04:24'),
(1538, 5, 21, '0', '2022-07-09 05:04:24'),
(1539, 5, 22, '0', '2022-07-09 05:04:24'),
(1540, 5, 23, '0', '2022-07-09 05:04:24'),
(1541, 5, 24, '0', '2022-07-09 05:04:24'),
(1542, 5, 25, '0', '2022-07-09 05:04:24'),
(1543, 5, 26, '0', '2022-07-09 05:04:24'),
(1544, 5, 27, '0', '2022-07-09 05:04:24'),
(1545, 5, 28, '0', '2022-07-09 05:04:24'),
(1546, 5, 29, '0', '2022-07-09 05:04:24'),
(1547, 5, 30, '0', '2022-07-09 05:04:24'),
(1548, 5, 31, '0', '2022-07-09 05:04:24'),
(1549, 5, 32, '0', '2022-07-09 05:04:24'),
(1550, 5, 33, '0', '2022-07-09 05:04:24'),
(1551, 5, 34, '0', '2022-07-09 05:04:24'),
(1552, 5, 35, '0', '2022-07-09 05:04:24'),
(1553, 5, 36, '0', '2022-07-09 05:04:24'),
(1554, 5, 37, '0', '2022-07-09 05:04:24'),
(1555, 5, 38, '0', '2022-07-09 05:04:24'),
(1556, 5, 39, '0', '2022-07-09 05:04:24'),
(1557, 5, 40, '0', '2022-07-09 05:04:24'),
(1558, 5, 41, '0', '2022-07-09 05:04:24'),
(1559, 5, 42, '0', '2022-07-09 05:04:24'),
(1560, 5, 43, '0', '2022-07-09 05:04:24'),
(1561, 5, 44, '0', '2022-07-09 05:04:24'),
(1562, 5, 45, '0', '2022-07-09 05:04:24'),
(1563, 5, 46, '0', '2022-07-09 05:04:24'),
(1564, 5, 47, '0', '2022-07-09 05:04:24'),
(1565, 5, 48, '0', '2022-07-09 05:04:24'),
(1566, 5, 49, '0', '2022-07-09 05:04:24'),
(1567, 5, 50, '0', '2022-07-09 05:04:24'),
(1568, 5, 51, '0', '2022-07-09 05:04:24'),
(1569, 5, 52, '0', '2022-07-09 05:04:24'),
(1570, 5, 53, '0', '2022-07-09 05:04:24'),
(1571, 5, 54, '0', '2022-07-09 05:04:24'),
(1572, 5, 55, '0', '2022-07-09 05:04:24'),
(1573, 5, 56, '0', '2022-07-09 05:04:24'),
(1574, 5, 57, '0', '2022-07-09 05:04:24'),
(1575, 5, 58, '0', '2022-07-09 05:04:24'),
(1576, 5, 59, '0', '2022-07-09 05:04:24'),
(1577, 5, 60, '0', '2022-07-09 05:04:24'),
(1578, 5, 61, '0', '2022-07-09 05:04:24'),
(1579, 5, 62, '0', '2022-07-09 05:04:24'),
(1580, 5, 63, '0', '2022-07-09 05:04:24'),
(1581, 5, 64, '0', '2022-07-09 05:04:24'),
(1582, 5, 65, '0', '2022-07-09 05:04:24'),
(1583, 5, 66, '0', '2022-07-09 05:04:24'),
(1584, 5, 67, '0', '2022-07-09 05:04:24'),
(1585, 5, 68, '0', '2022-07-09 05:04:24'),
(1586, 5, 69, '0', '2022-07-09 05:04:24'),
(1587, 5, 70, '0', '2022-07-09 05:04:24'),
(1588, 5, 71, '0', '2022-07-09 05:04:24'),
(1589, 5, 72, '0', '2022-07-09 05:04:24'),
(1590, 5, 73, '0', '2022-07-09 05:04:24'),
(1591, 5, 74, '0', '2022-07-09 05:04:24'),
(1592, 5, 75, '0', '2022-07-09 05:04:24'),
(1593, 5, 76, '0', '2022-07-09 05:04:24'),
(1594, 5, 77, '0', '2022-07-09 05:04:24'),
(1595, 5, 78, '0', '2022-07-09 05:04:24'),
(1596, 5, 79, '0', '2022-07-09 05:04:24'),
(1597, 5, 80, '0', '2022-07-09 05:04:24'),
(1598, 5, 81, '0', '2022-07-09 05:04:24'),
(1599, 5, 82, '0', '2022-07-09 05:04:24'),
(1600, 5, 83, '0', '2022-07-09 05:04:24'),
(1601, 5, 84, '0', '2022-07-09 05:04:24'),
(1602, 5, 85, '0', '2022-07-09 05:04:24'),
(1603, 5, 86, '0', '2022-07-09 05:04:24'),
(1604, 5, 87, '0', '2022-07-09 05:04:24'),
(1605, 5, 88, '0', '2022-07-09 05:04:24'),
(1606, 5, 89, '0', '2022-07-09 05:04:24'),
(1607, 5, 90, '0', '2022-07-09 05:04:24'),
(1608, 5, 91, '0', '2022-07-09 05:04:24'),
(1609, 5, 92, '0', '2022-07-09 05:04:24'),
(1610, 5, 93, '0', '2022-07-09 05:04:24'),
(1611, 5, 94, '0', '2022-07-09 05:04:24'),
(1612, 5, 95, '0', '2022-07-09 05:04:24'),
(1613, 5, 96, '0', '2022-07-09 05:04:24'),
(1614, 5, 97, '0', '2022-07-09 05:04:24'),
(1615, 5, 98, '0', '2022-07-09 05:04:24'),
(1616, 5, 99, '0', '2022-07-09 05:04:24'),
(1617, 5, 100, '0', '2022-07-09 05:04:24'),
(1618, 5, 101, '0', '2022-07-09 05:04:24'),
(1619, 5, 102, '0', '2022-07-09 05:04:24'),
(1620, 5, 103, '0', '2022-07-09 05:04:24'),
(1621, 5, 104, '0', '2022-07-09 05:04:24'),
(1622, 5, 105, '0', '2022-07-09 05:04:24'),
(1623, 5, 106, '0', '2022-07-09 05:04:24'),
(1624, 5, 107, '0', '2022-07-09 05:04:24'),
(1625, 5, 108, '0', '2022-07-09 05:04:24'),
(1626, 5, 109, '0', '2022-07-09 05:04:24'),
(1627, 5, 110, '0', '2022-07-09 05:04:24'),
(1628, 5, 111, '0', '2022-07-09 05:04:24'),
(1629, 5, 112, '0', '2022-07-09 05:04:24'),
(1630, 5, 113, '0', '2022-07-09 05:04:24'),
(1631, 5, 114, '0', '2022-07-09 05:04:24'),
(1632, 5, 115, '0', '2022-07-09 05:04:24'),
(1633, 5, 116, '0', '2022-07-09 05:04:24'),
(1634, 5, 117, '0', '2022-07-09 05:04:24'),
(1635, 5, 118, '0', '2022-07-09 05:04:24'),
(1636, 5, 119, '0', '2022-07-09 05:04:24'),
(1637, 5, 120, '0', '2022-07-09 05:04:24'),
(1638, 5, 121, '0', '2022-07-09 05:04:24'),
(1639, 5, 122, '0', '2022-07-09 05:04:24'),
(1640, 5, 123, '0', '2022-07-09 05:04:24'),
(1641, 5, 124, '0', '2022-07-09 05:04:24'),
(1642, 5, 125, '0', '2022-07-09 05:04:24'),
(1643, 5, 126, '0', '2022-07-09 05:04:24'),
(1644, 5, 127, '0', '2022-07-09 05:04:24'),
(1645, 5, 128, '0', '2022-07-09 05:04:24'),
(1646, 5, 129, '0', '2022-07-09 05:04:24'),
(1647, 5, 130, '0', '2022-07-09 05:04:24'),
(1648, 5, 131, '0', '2022-07-09 05:04:24'),
(1649, 5, 132, '0', '2022-07-09 05:04:24'),
(1650, 5, 133, '0', '2022-07-09 05:04:24'),
(1651, 5, 134, '0', '2022-07-09 05:04:24'),
(1652, 5, 135, '0', '2022-07-09 05:04:24'),
(1653, 5, 136, '0', '2022-07-09 05:04:24'),
(1654, 5, 137, '0', '2022-07-09 05:04:24'),
(1655, 5, 138, '0', '2022-07-09 05:04:24'),
(1656, 5, 139, '0', '2022-07-09 05:04:24'),
(1657, 5, 140, '0', '2022-07-09 05:04:24'),
(1658, 5, 141, '0', '2022-07-09 05:04:24'),
(1659, 5, 142, '0', '2022-07-09 05:04:24'),
(1660, 5, 143, '0', '2022-07-09 05:04:24'),
(1661, 5, 144, '0', '2022-07-09 05:04:24'),
(1662, 5, 145, '0', '2022-07-09 05:04:24'),
(1663, 5, 146, '0', '2022-07-09 05:04:24'),
(1664, 5, 147, '0', '2022-07-09 05:04:24'),
(1665, 5, 148, '0', '2022-07-09 05:04:24'),
(1666, 5, 149, '0', '2022-07-09 05:04:24'),
(1667, 5, 150, '0', '2022-07-09 05:04:24'),
(1668, 5, 151, '0', '2022-07-09 05:04:24'),
(1669, 5, 152, '0', '2022-07-09 05:04:24'),
(1670, 5, 153, '0', '2022-07-09 05:04:24'),
(1671, 5, 154, '0', '2022-07-09 05:04:24'),
(1672, 5, 155, '0', '2022-07-09 05:04:24'),
(1673, 5, 156, '0', '2022-07-09 05:04:24'),
(1674, 5, 157, '0', '2022-07-09 05:04:24'),
(1675, 5, 158, '0', '2022-07-09 05:04:24'),
(1676, 5, 159, '0', '2022-07-09 05:04:24'),
(1677, 5, 160, '0', '2022-07-09 05:04:24'),
(1678, 5, 161, '0', '2022-07-09 05:04:24'),
(1679, 5, 162, '0', '2022-07-09 05:04:24'),
(1680, 5, 163, '0', '2022-07-09 05:04:24'),
(1681, 5, 164, '0', '2022-07-09 05:04:24'),
(1682, 5, 165, '0', '2022-07-09 05:04:24'),
(1683, 5, 166, '0', '2022-07-09 05:04:24'),
(1684, 5, 167, '0', '2022-07-09 05:04:24'),
(1685, 5, 168, '0', '2022-07-09 05:04:24'),
(1686, 5, 169, '0', '2022-07-09 05:04:24'),
(1687, 5, 170, '0', '2022-07-09 05:04:24'),
(1688, 5, 171, '0', '2022-07-09 05:04:24'),
(1689, 5, 172, '0', '2022-07-09 05:04:24'),
(1690, 5, 173, '0', '2022-07-09 05:04:24'),
(1691, 5, 174, '0', '2022-07-09 05:04:24'),
(1692, 5, 175, '0', '2022-07-09 05:04:24'),
(1693, 5, 176, '0', '2022-07-09 05:04:24'),
(1694, 5, 177, '0', '2022-07-09 05:04:24'),
(1695, 5, 178, '0', '2022-07-09 05:04:24'),
(1696, 5, 179, '0', '2022-07-09 05:04:24'),
(1697, 5, 180, '0', '2022-07-09 05:04:24'),
(1698, 5, 181, '0', '2022-07-09 05:04:24'),
(1699, 5, 182, '0', '2022-07-09 05:04:24'),
(1700, 5, 183, '0', '2022-07-09 05:04:24'),
(1701, 5, 184, '0', '2022-07-09 05:04:24'),
(1702, 5, 185, '0', '2022-07-09 05:04:24'),
(1703, 5, 186, '0', '2022-07-09 05:04:24'),
(1704, 5, 187, '0', '2022-07-09 05:04:24'),
(1705, 5, 188, '0', '2022-07-09 05:04:24'),
(1706, 5, 189, '0', '2022-07-09 05:04:24'),
(1707, 5, 190, '0', '2022-07-09 05:04:24'),
(1708, 5, 191, '0', '2022-07-09 05:04:24'),
(1709, 5, 192, '0', '2022-07-09 05:04:24'),
(1710, 5, 193, '0', '2022-07-09 05:04:24'),
(1711, 5, 194, '0', '2022-07-09 05:04:24'),
(1712, 5, 195, '0', '2022-07-09 05:04:24'),
(1713, 5, 196, '0', '2022-07-09 05:04:24'),
(1714, 5, 197, '0', '2022-07-09 05:04:24'),
(1715, 5, 198, '0', '2022-07-09 05:04:24'),
(1716, 5, 199, '0', '2022-07-09 05:04:24'),
(1717, 5, 200, '0', '2022-07-09 05:04:24'),
(1718, 5, 201, '0', '2022-07-09 05:04:24'),
(1719, 5, 202, '0', '2022-07-09 05:04:24'),
(1720, 5, 203, '0', '2022-07-09 05:04:24'),
(1721, 5, 204, '0', '2022-07-09 05:04:24'),
(1722, 5, 205, '0', '2022-07-09 05:04:24'),
(1723, 5, 206, '0', '2022-07-09 05:04:24'),
(1724, 5, 207, '0', '2022-07-09 05:04:24'),
(1725, 5, 208, '0', '2022-07-09 05:04:24'),
(1726, 5, 209, '0', '2022-07-09 05:04:24'),
(1727, 5, 210, '0', '2022-07-09 05:04:24'),
(1728, 5, 211, '0', '2022-07-09 05:04:24'),
(1729, 5, 212, '0', '2022-07-09 05:04:24'),
(1730, 5, 213, '0', '2022-07-09 05:04:24'),
(1731, 5, 214, '0', '2022-07-09 05:04:24'),
(1732, 5, 215, '0', '2022-07-09 05:04:24'),
(1733, 5, 216, '0', '2022-07-09 05:04:24'),
(1734, 5, 217, '0', '2022-07-09 05:04:24'),
(1735, 5, 218, '0', '2022-07-09 05:04:24'),
(1736, 5, 219, '0', '2022-07-09 05:04:24'),
(1737, 5, 220, '0', '2022-07-09 05:04:24'),
(1738, 5, 221, '0', '2022-07-09 05:04:24'),
(1739, 5, 222, '0', '2022-07-09 05:04:24'),
(1740, 5, 223, '0', '2022-07-09 05:04:24'),
(1741, 5, 224, '0', '2022-07-09 05:04:24'),
(1742, 5, 225, '0', '2022-07-09 05:04:24'),
(1743, 5, 226, '0', '2022-07-09 05:04:24'),
(1744, 5, 227, '0', '2022-07-09 05:04:24'),
(1745, 5, 228, '0', '2022-07-09 05:04:24'),
(1746, 5, 229, '0', '2022-07-09 05:04:24'),
(1747, 5, 230, '0', '2022-07-09 05:04:24'),
(1748, 5, 231, '0', '2022-07-09 05:04:24'),
(1749, 5, 232, '0', '2022-07-09 05:04:24'),
(1750, 5, 233, '0', '2022-07-09 05:04:24'),
(1751, 5, 234, '0', '2022-07-09 05:04:24'),
(1752, 5, 235, '0', '2022-07-09 05:04:24'),
(1753, 5, 236, '0', '2022-07-09 05:04:24'),
(1754, 5, 237, '0', '2022-07-09 05:04:24'),
(1755, 5, 238, '0', '2022-07-09 05:04:24'),
(1756, 5, 239, '0', '2022-07-09 05:04:24'),
(1757, 5, 240, '0', '2022-07-09 05:04:24'),
(1758, 5, 241, '0', '2022-07-09 05:04:24'),
(1759, 5, 242, '0', '2022-07-09 05:04:24'),
(1760, 5, 243, '0', '2022-07-09 05:04:24'),
(1761, 5, 244, '0', '2022-07-09 05:04:24'),
(1762, 5, 245, '0', '2022-07-09 05:04:24'),
(1763, 5, 246, '0', '2022-07-09 05:04:24'),
(1764, 5, 247, '0', '2022-07-09 05:04:24'),
(1765, 5, 248, '0', '2022-07-09 05:04:24'),
(1766, 5, 249, '0', '2022-07-09 05:04:24'),
(1767, 5, 250, '0', '2022-07-09 05:04:24'),
(1768, 5, 251, '0', '2022-07-09 05:04:24'),
(1769, 5, 252, '0', '2022-07-09 05:04:24'),
(1770, 5, 253, '0', '2022-07-09 05:04:24'),
(1771, 5, 254, '0', '2022-07-09 05:04:24'),
(1772, 5, 255, '0', '2022-07-09 05:04:24'),
(1773, 5, 256, '0', '2022-07-09 05:04:24'),
(1774, 5, 257, '0', '2022-07-09 05:04:24'),
(1775, 5, 258, '0', '2022-07-09 05:04:24'),
(1776, 5, 259, '0', '2022-07-09 05:04:24'),
(1777, 5, 260, '0', '2022-07-09 05:04:24'),
(1778, 5, 261, '0', '2022-07-09 05:04:24'),
(1779, 5, 262, '0', '2022-07-09 05:04:24'),
(1780, 5, 263, '0', '2022-07-09 05:04:24'),
(1781, 5, 264, '0', '2022-07-09 05:04:24'),
(1782, 5, 265, '0', '2022-07-09 05:04:24'),
(1783, 5, 266, '0', '2022-07-09 05:04:24'),
(1784, 5, 267, '0', '2022-07-09 05:04:24'),
(1785, 5, 268, '0', '2022-07-09 05:04:24'),
(1786, 5, 269, '0', '2022-07-09 05:04:24'),
(1787, 5, 270, '0', '2022-07-09 05:04:24'),
(1788, 5, 271, '0', '2022-07-09 05:04:24'),
(1789, 5, 272, '0', '2022-07-09 05:04:24'),
(1790, 5, 273, '0', '2022-07-09 05:04:24'),
(1791, 5, 274, '0', '2022-07-09 05:04:24'),
(1792, 5, 275, '0', '2022-07-09 05:04:24'),
(1793, 5, 276, '0', '2022-07-09 05:04:24'),
(1794, 5, 277, '0', '2022-07-09 05:04:24'),
(1795, 5, 278, '0', '2022-07-09 05:04:24'),
(1796, 5, 279, '0', '2022-07-09 05:04:24'),
(1797, 5, 280, '0', '2022-07-09 05:04:24'),
(1798, 5, 281, '0', '2022-07-09 05:04:24'),
(1799, 5, 282, '0', '2022-07-09 05:04:24'),
(1800, 5, 283, '0', '2022-07-09 05:04:24'),
(1801, 5, 284, '0', '2022-07-09 05:04:24'),
(1802, 5, 285, '0', '2022-07-09 05:04:24'),
(1803, 5, 286, '0', '2022-07-09 05:04:24'),
(1804, 5, 287, '0', '2022-07-09 05:04:24'),
(1805, 5, 288, '0', '2022-07-09 05:04:24'),
(1806, 5, 289, '0', '2022-07-09 05:04:24'),
(1807, 5, 290, '0', '2022-07-09 05:04:24'),
(1808, 5, 291, '0', '2022-07-09 05:04:24'),
(1809, 5, 292, '0', '2022-07-09 05:04:24'),
(1810, 5, 293, '0', '2022-07-09 05:04:24'),
(1811, 5, 294, '0', '2022-07-09 05:04:24'),
(1812, 5, 295, '0', '2022-07-09 05:04:24'),
(1813, 5, 296, '0', '2022-07-09 05:04:24'),
(1814, 5, 297, '0', '2022-07-09 05:04:24'),
(1815, 5, 298, '0', '2022-07-09 05:04:24'),
(1816, 5, 299, '0', '2022-07-09 05:04:24'),
(1817, 5, 300, '0', '2022-07-09 05:04:24'),
(1818, 5, 301, '0', '2022-07-09 05:04:24'),
(1819, 5, 302, '0', '2022-07-09 05:04:24'),
(1820, 5, 303, '0', '2022-07-09 05:04:24'),
(1821, 5, 304, '0', '2022-07-09 05:04:24'),
(1822, 5, 305, '0', '2022-07-09 05:04:24'),
(1823, 5, 306, '0', '2022-07-09 05:04:24'),
(1824, 5, 307, '0', '2022-07-09 05:04:24'),
(1825, 5, 308, '0', '2022-07-09 05:04:24'),
(1826, 5, 309, '0', '2022-07-09 05:04:24'),
(1827, 5, 310, '0', '2022-07-09 05:04:24'),
(1828, 5, 311, '0', '2022-07-09 05:04:24'),
(1829, 5, 312, '0', '2022-07-09 05:04:24'),
(1830, 5, 313, '0', '2022-07-09 05:04:24'),
(1831, 5, 314, '0', '2022-07-09 05:04:24'),
(1832, 5, 315, '0', '2022-07-09 05:04:24'),
(1833, 5, 316, '0', '2022-07-09 05:04:24'),
(1834, 5, 317, '0', '2022-07-09 05:04:24'),
(1835, 5, 318, '0', '2022-07-09 05:04:24'),
(1836, 5, 319, '0', '2022-07-09 05:04:24'),
(1837, 5, 320, '0', '2022-07-09 05:04:24'),
(1838, 5, 321, '0', '2022-07-09 05:04:24'),
(1839, 5, 322, '0', '2022-07-09 05:04:24'),
(1840, 5, 323, '0', '2022-07-09 05:04:24'),
(1841, 5, 324, '0', '2022-07-09 05:04:24'),
(1842, 5, 325, '0', '2022-07-09 05:04:24'),
(1843, 5, 326, '0', '2022-07-09 05:04:24'),
(1844, 5, 327, '0', '2022-07-09 05:04:24'),
(1845, 5, 328, '0', '2022-07-09 05:04:24'),
(1846, 5, 329, '0', '2022-07-09 05:04:24'),
(1847, 5, 330, '0', '2022-07-09 05:04:24'),
(1848, 5, 331, '0', '2022-07-09 05:04:24'),
(1849, 5, 332, '0', '2022-07-09 05:04:24'),
(1850, 5, 333, '0', '2022-07-09 05:04:24'),
(1851, 5, 334, '0', '2022-07-09 05:04:24'),
(1852, 5, 335, '0', '2022-07-09 05:04:24'),
(1853, 5, 336, '0', '2022-07-09 05:04:24'),
(1854, 5, 337, '0', '2022-07-09 05:04:24'),
(1855, 5, 338, '0', '2022-07-09 05:04:24'),
(1856, 5, 339, '0', '2022-07-09 05:04:24'),
(1857, 5, 340, '0', '2022-07-09 05:04:24'),
(1858, 5, 341, '0', '2022-07-09 05:04:24'),
(1859, 5, 342, '0', '2022-07-09 05:04:24'),
(1860, 5, 343, '0', '2022-07-09 05:04:24'),
(1861, 5, 344, '0', '2022-07-09 05:04:24'),
(1862, 5, 345, '0', '2022-07-09 05:04:24'),
(1863, 5, 346, '0', '2022-07-09 05:04:24'),
(1864, 5, 347, '0', '2022-07-09 05:04:24'),
(1865, 5, 348, '0', '2022-07-09 05:04:24'),
(1866, 5, 349, '0', '2022-07-09 05:04:24'),
(1867, 5, 350, '0', '2022-07-09 05:04:24'),
(1868, 5, 351, '0', '2022-07-09 05:04:24'),
(1869, 5, 352, '0', '2022-07-09 05:04:24'),
(1870, 5, 353, '0', '2022-07-09 05:04:24'),
(1871, 5, 354, '0', '2022-07-09 05:04:24'),
(1872, 5, 355, '0', '2022-07-09 05:04:24'),
(1873, 5, 356, '0', '2022-07-09 05:04:24'),
(1874, 5, 357, '0', '2022-07-09 05:04:24'),
(1875, 5, 358, '0', '2022-07-09 05:04:24'),
(1876, 5, 359, '0', '2022-07-09 05:04:24'),
(1877, 5, 360, '0', '2022-07-09 05:04:24'),
(1878, 5, 361, '0', '2022-07-09 05:04:24'),
(1879, 5, 362, '0', '2022-07-09 05:04:24'),
(1880, 5, 363, '0', '2022-07-09 05:04:24'),
(1881, 5, 364, '0', '2022-07-09 05:04:24'),
(1882, 5, 365, '0', '2022-07-09 05:04:24'),
(1883, 5, 366, '0', '2022-07-09 05:04:24'),
(1884, 5, 367, '0', '2022-07-09 05:04:24'),
(1885, 5, 368, '0', '2022-07-09 05:04:24'),
(1886, 5, 369, '0', '2022-07-09 05:04:24'),
(1887, 5, 370, '0', '2022-07-09 05:04:24'),
(1888, 5, 371, '0', '2022-07-09 05:04:24'),
(1889, 5, 372, '0', '2022-07-09 05:04:24'),
(1890, 5, 373, '0', '2022-07-09 05:04:24'),
(1891, 5, 374, '0', '2022-07-09 05:04:24'),
(1892, 5, 375, '0', '2022-07-09 05:04:24'),
(1893, 5, 376, '0', '2022-07-09 05:04:24'),
(1894, 5, 377, '0', '2022-07-09 05:04:24'),
(1895, 5, 378, '0', '2022-07-09 05:04:24'),
(1896, 5, 379, '0', '2022-07-09 05:04:24'),
(1897, 5, 380, '0', '2022-07-09 05:04:24'),
(1898, 5, 381, '0', '2022-07-09 05:04:24'),
(1899, 5, 382, '0', '2022-07-09 05:04:24'),
(1900, 5, 383, '0', '2022-07-09 05:04:24'),
(1901, 5, 384, '0', '2022-07-09 05:04:24'),
(1902, 5, 385, '0', '2022-07-09 05:04:24'),
(1903, 5, 386, '0', '2022-07-09 05:04:24'),
(1904, 5, 387, '0', '2022-07-09 05:04:24'),
(1905, 5, 388, '0', '2022-07-09 05:04:24'),
(1906, 5, 389, '0', '2022-07-09 05:04:24'),
(1907, 5, 390, '0', '2022-07-09 05:04:24'),
(1908, 5, 391, '0', '2022-07-09 05:04:24'),
(1909, 5, 392, '0', '2022-07-09 05:04:24'),
(1910, 5, 393, '0', '2022-07-09 05:04:24'),
(1911, 5, 394, '0', '2022-07-09 05:04:24'),
(1912, 5, 395, '0', '2022-07-09 05:04:24'),
(1913, 5, 396, '0', '2022-07-09 05:04:24'),
(1914, 5, 397, '0', '2022-07-09 05:04:24'),
(1915, 5, 398, '0', '2022-07-09 05:04:24'),
(1916, 5, 399, '0', '2022-07-09 05:04:24'),
(1917, 5, 400, '0', '2022-07-09 05:04:24'),
(1918, 5, 401, '0', '2022-07-09 05:04:24'),
(1919, 5, 402, '0', '2022-07-09 05:04:24'),
(1920, 5, 403, '0', '2022-07-09 05:04:24'),
(1921, 5, 404, '0', '2022-07-09 05:04:24'),
(1922, 5, 405, '0', '2022-07-09 05:04:24'),
(1923, 5, 406, '0', '2022-07-09 05:04:24'),
(1924, 5, 407, '0', '2022-07-09 05:04:24'),
(1925, 5, 408, '0', '2022-07-09 05:04:24'),
(1926, 5, 409, '0', '2022-07-09 05:04:24'),
(1927, 5, 410, '0', '2022-07-09 05:04:24'),
(1928, 5, 411, '0', '2022-07-09 05:04:24'),
(1929, 5, 412, '0', '2022-07-09 05:04:24'),
(1930, 5, 413, '0', '2022-07-09 05:04:24'),
(1931, 5, 414, '0', '2022-07-09 05:04:24'),
(1932, 5, 415, '0', '2022-07-09 05:04:24'),
(1933, 5, 416, '0', '2022-07-09 05:04:24'),
(1934, 5, 417, '0', '2022-07-09 05:04:24'),
(1935, 5, 418, '0', '2022-07-09 05:04:24'),
(1936, 5, 419, '0', '2022-07-09 05:04:24'),
(1937, 5, 420, '0', '2022-07-09 05:04:24'),
(1938, 5, 421, '0', '2022-07-09 05:04:24'),
(1939, 5, 422, '0', '2022-07-09 05:04:24'),
(1940, 5, 423, '0', '2022-07-09 05:04:24'),
(1941, 5, 424, '0', '2022-07-09 05:04:24'),
(1942, 5, 425, '0', '2022-07-09 05:04:24'),
(1943, 5, 426, '0', '2022-07-09 05:04:24'),
(1944, 5, 427, '0', '2022-07-09 05:04:24'),
(1945, 5, 428, '0', '2022-07-09 05:04:24'),
(1946, 5, 429, '0', '2022-07-09 05:04:24'),
(1947, 5, 430, '0', '2022-07-09 05:04:24'),
(1948, 5, 431, '0', '2022-07-09 05:04:24'),
(1949, 5, 432, '0', '2022-07-09 05:04:24'),
(1950, 5, 433, '0', '2022-07-09 05:04:24'),
(1951, 5, 434, '0', '2022-07-09 05:04:24'),
(1952, 5, 435, '0', '2022-07-09 05:04:24'),
(1953, 5, 436, '0', '2022-07-09 05:04:24'),
(1954, 5, 437, '0', '2022-07-09 05:04:24'),
(1955, 5, 438, '0', '2022-07-09 05:04:24'),
(1956, 5, 439, '0', '2022-07-09 05:04:24'),
(1957, 5, 440, '0', '2022-07-09 05:04:24'),
(1958, 5, 441, '0', '2022-07-09 05:04:24'),
(1959, 5, 442, '0', '2022-07-09 05:04:24'),
(1960, 5, 443, '0', '2022-07-09 05:04:24'),
(1961, 5, 444, '0', '2022-07-09 05:04:24'),
(1962, 5, 445, '0', '2022-07-09 05:04:24'),
(1963, 5, 446, '0', '2022-07-09 05:04:24'),
(1964, 5, 447, '0', '2022-07-09 05:04:24'),
(1965, 5, 448, '0', '2022-07-09 05:04:24'),
(1966, 5, 449, '0', '2022-07-09 05:04:24'),
(1967, 5, 450, '0', '2022-07-09 05:04:24'),
(1968, 5, 451, '0', '2022-07-09 05:04:24'),
(1969, 5, 452, '0', '2022-07-09 05:04:24'),
(1970, 5, 453, '0', '2022-07-09 05:04:24'),
(1971, 5, 454, '0', '2022-07-09 05:04:24'),
(1972, 5, 455, '0', '2022-07-09 05:04:24'),
(1973, 5, 456, '0', '2022-07-09 05:04:24'),
(1974, 5, 457, '0', '2022-07-09 05:04:24'),
(1975, 5, 458, '0', '2022-07-09 05:04:24'),
(1976, 5, 459, '0', '2022-07-09 05:04:24'),
(1977, 5, 460, '0', '2022-07-09 05:04:24'),
(1978, 5, 461, '0', '2022-07-09 05:04:24'),
(1979, 5, 462, '0', '2022-07-09 05:04:24'),
(1980, 5, 463, '0', '2022-07-09 05:04:24'),
(1981, 5, 464, '0', '2022-07-09 05:04:24'),
(1982, 5, 465, '0', '2022-07-09 05:04:24'),
(1983, 5, 466, '0', '2022-07-09 05:04:24'),
(1984, 5, 467, '0', '2022-07-09 05:04:24'),
(1985, 5, 468, '0', '2022-07-09 05:04:24'),
(1986, 5, 469, '0', '2022-07-09 05:04:24'),
(1987, 5, 470, '0', '2022-07-09 05:04:24'),
(1988, 5, 471, '0', '2022-07-09 05:04:24'),
(1989, 5, 472, '0', '2022-07-09 05:04:24'),
(1990, 5, 473, '0', '2022-07-09 05:04:24'),
(1991, 5, 474, '0', '2022-07-09 05:04:24'),
(1992, 5, 475, '0', '2022-07-09 05:04:24'),
(1993, 5, 476, '0', '2022-07-09 05:04:24'),
(1994, 5, 477, '0', '2022-07-09 05:04:24'),
(1995, 5, 478, '0', '2022-07-09 05:04:24'),
(1996, 5, 479, '0', '2022-07-09 05:04:24'),
(1997, 5, 480, '0', '2022-07-09 05:04:24'),
(1998, 5, 481, '0', '2022-07-09 05:04:24'),
(1999, 5, 482, '0', '2022-07-09 05:04:24'),
(2000, 5, 483, '0', '2022-07-09 05:04:24'),
(2001, 5, 484, '0', '2022-07-09 05:04:24'),
(2002, 5, 485, '0', '2022-07-09 05:04:24'),
(2003, 5, 486, '0', '2022-07-09 05:04:24'),
(2004, 5, 487, '0', '2022-07-09 05:04:24'),
(2005, 5, 488, '0', '2022-07-09 05:04:24'),
(2006, 5, 489, '0', '2022-07-09 05:04:24'),
(2007, 5, 490, '0', '2022-07-09 05:04:24'),
(2008, 5, 491, '0', '2022-07-09 05:04:24'),
(2009, 5, 492, '0', '2022-07-09 05:04:24'),
(2010, 5, 493, '0', '2022-07-09 05:04:24'),
(2011, 5, 494, '0', '2022-07-09 05:04:24'),
(2012, 5, 495, '0', '2022-07-09 05:04:24'),
(2013, 5, 496, '0', '2022-07-09 05:04:24'),
(2014, 5, 497, '0', '2022-07-09 05:04:24'),
(2015, 5, 498, '0', '2022-07-09 05:04:24'),
(2016, 5, 499, '0', '2022-07-09 05:04:24'),
(2017, 5, 500, '0', '2022-07-09 05:04:24'),
(2018, 5, 501, '0', '2022-07-09 05:04:24'),
(2019, 5, 502, '0', '2022-07-09 05:04:24'),
(2020, 5, 503, '0', '2022-07-09 05:04:24'),
(2021, 5, 504, '0', '2022-07-09 05:04:24'),
(2022, 5, 505, '0', '2022-07-09 05:04:24'),
(2023, 5, 506, '0', '2022-07-09 05:04:24'),
(2024, 5, 507, '0', '2022-07-09 05:04:24'),
(2025, 5, 508, '0', '2022-07-09 05:04:24'),
(2026, 5, 509, '0', '2022-07-09 05:04:24'),
(2027, 5, 510, '0', '2022-07-09 05:04:24'),
(2028, 5, 511, '0', '2022-07-09 05:04:24'),
(2029, 5, 512, '0', '2022-07-09 05:04:24'),
(2030, 5, 513, '0', '2022-07-09 05:04:24'),
(2031, 5, 514, '0', '2022-07-09 05:04:24'),
(2032, 5, 515, '0', '2022-07-09 05:04:24'),
(2033, 3, 450, '0', '2022-07-12 04:37:37'),
(2034, 3, 374, '0', '2022-07-12 04:37:37'),
(2035, 3, 426, '0', '2022-07-12 04:37:37'),
(2036, 3, 391, '0', '2022-07-12 04:37:37'),
(2037, 3, 424, '0', '2022-07-12 04:37:37'),
(2038, 3, 459, '0', '2022-07-12 04:37:37'),
(2039, 3, 410, '0', '2022-07-12 04:37:37'),
(2040, 3, 383, '0', '2022-07-12 04:37:37'),
(2041, 3, 401, '0', '2022-07-12 04:37:37'),
(2042, 3, 455, '0', '2022-07-12 04:37:37'),
(2043, 3, 454, '0', '2022-07-12 04:37:37'),
(2044, 3, 422, 'B', '2022-07-12 04:37:37'),
(2045, 3, 375, '0', '2022-07-12 04:37:37'),
(2046, 3, 409, '0', '2022-07-12 04:37:37'),
(2047, 3, 443, '0', '2022-07-12 04:37:37'),
(2048, 3, 396, '0', '2022-07-12 04:37:37'),
(2049, 3, 389, '0', '2022-07-12 04:37:37'),
(2050, 3, 381, '0', '2022-07-12 04:37:37'),
(2051, 3, 451, '0', '2022-07-12 04:37:37'),
(2052, 3, 417, '0', '2022-07-12 04:37:37'),
(2053, 3, 445, '0', '2022-07-12 04:37:37'),
(2054, 3, 452, '0', '2022-07-12 04:37:37'),
(2055, 3, 447, '0', '2022-07-12 04:37:37'),
(2056, 3, 456, '0', '2022-07-12 04:37:37'),
(2057, 3, 416, '0', '2022-07-12 04:37:37'),
(2058, 3, 408, '0', '2022-07-12 04:37:37'),
(2059, 3, 419, '0', '2022-07-12 04:37:37'),
(2060, 3, 388, '0', '2022-07-12 04:37:37'),
(2061, 3, 438, '0', '2022-07-12 04:37:37'),
(2062, 3, 380, '0', '2022-07-12 04:37:37'),
(2063, 3, 413, '0', '2022-07-12 04:37:37'),
(2064, 3, 418, '0', '2022-07-12 04:37:37'),
(2065, 3, 372, '0', '2022-07-12 04:37:37'),
(2066, 3, 393, '0', '2022-07-12 04:37:37'),
(2067, 3, 431, '0', '2022-07-12 04:37:37'),
(2068, 3, 412, '0', '2022-07-12 04:37:37'),
(2069, 3, 429, '0', '2022-07-12 04:37:37'),
(2070, 3, 421, '0', '2022-07-12 04:37:37'),
(2071, 3, 378, '0', '2022-07-12 04:37:37'),
(2072, 3, 436, '0', '2022-07-12 04:37:37'),
(2073, 3, 371, '0', '2022-07-12 04:37:37'),
(2074, 3, 404, '0', '2022-07-12 04:37:37'),
(2075, 3, 433, '0', '2022-07-12 04:37:37'),
(2076, 3, 423, '0', '2022-07-12 04:37:37'),
(2077, 3, 392, '0', '2022-07-12 04:37:37'),
(2078, 3, 428, '0', '2022-07-12 04:37:37'),
(2079, 3, 448, '0', '2022-07-12 04:37:37'),
(2080, 3, 444, '0', '2022-07-12 04:37:37'),
(2081, 3, 453, '0', '2022-07-12 04:37:37'),
(2082, 3, 446, '0', '2022-07-12 04:37:37'),
(2083, 3, 394, '0', '2022-07-12 04:37:37'),
(2084, 3, 385, '0', '2022-07-12 04:37:37'),
(2085, 3, 441, '0', '2022-07-12 04:37:37'),
(2086, 3, 373, '0', '2022-07-12 04:37:37'),
(2087, 3, 402, '0', '2022-07-12 04:37:37'),
(2088, 3, 397, '0', '2022-07-12 04:37:37'),
(2089, 3, 434, '0', '2022-07-12 04:37:37'),
(2090, 3, 400, '0', '2022-07-12 04:37:37'),
(2091, 3, 370, 'E', '2022-07-12 04:37:37'),
(2092, 3, 420, '0', '2022-07-12 04:37:37'),
(2093, 3, 415, '0', '2022-07-12 04:37:37'),
(2094, 3, 427, '0', '2022-07-12 04:37:37'),
(2095, 3, 458, '0', '2022-07-12 04:37:37'),
(2096, 3, 386, '0', '2022-07-12 04:37:37'),
(2097, 3, 398, '0', '2022-07-12 04:37:37'),
(2098, 3, 430, 'A', '2022-07-12 04:37:37'),
(2099, 3, 437, '0', '2022-07-12 04:37:37'),
(2100, 3, 407, '0', '2022-07-12 04:37:37'),
(2101, 3, 399, '0', '2022-07-12 04:37:37'),
(2102, 3, 414, '0', '2022-07-12 04:37:37'),
(2103, 3, 384, '0', '2022-07-12 04:37:37'),
(2104, 3, 395, '0', '2022-07-12 04:37:37'),
(2105, 3, 439, '0', '2022-07-12 04:37:37'),
(2106, 3, 440, '0', '2022-07-12 04:37:37'),
(2107, 3, 377, '0', '2022-07-12 04:37:37'),
(2108, 3, 442, '0', '2022-07-12 04:37:37'),
(2109, 3, 425, '0', '2022-07-12 04:37:37'),
(2110, 3, 376, '0', '2022-07-12 04:37:37'),
(2111, 3, 405, '0', '2022-07-12 04:37:37'),
(2112, 3, 406, 'C', '2022-07-12 04:37:37'),
(2113, 3, 403, '0', '2022-07-12 04:37:37'),
(2114, 3, 435, '0', '2022-07-12 04:37:37'),
(2115, 3, 457, '0', '2022-07-12 04:37:37'),
(2116, 3, 449, 'B', '2022-07-12 04:37:37'),
(2117, 3, 387, '0', '2022-07-12 04:37:37'),
(2118, 3, 390, 'A', '2022-07-12 04:37:37'),
(2119, 3, 411, '0', '2022-07-12 04:37:37'),
(2120, 3, 379, '0', '2022-07-12 04:37:37'),
(2121, 3, 432, '0', '2022-07-12 04:37:37'),
(2122, 3, 382, '0', '2022-07-12 04:37:37'),
(2123, 3, 419, '0', '2022-07-12 04:39:31'),
(2124, 3, 417, '0', '2022-07-12 04:39:31'),
(2125, 3, 453, '0', '2022-07-12 04:39:31'),
(2126, 3, 404, '0', '2022-07-12 04:39:31'),
(2127, 3, 449, 'B', '2022-07-12 04:39:31'),
(2128, 3, 421, '0', '2022-07-12 04:39:31'),
(2129, 3, 424, '0', '2022-07-12 04:39:31'),
(2130, 3, 437, '0', '2022-07-12 04:39:31'),
(2131, 3, 451, '0', '2022-07-12 04:39:31'),
(2132, 3, 416, '0', '2022-07-12 04:39:31'),
(2133, 3, 438, '0', '2022-07-12 04:39:31'),
(2134, 3, 431, '0', '2022-07-12 04:39:31'),
(2135, 3, 384, '0', '2022-07-12 04:39:31'),
(2136, 3, 434, '0', '2022-07-12 04:39:31'),
(2137, 3, 413, '0', '2022-07-12 04:39:31'),
(2138, 3, 427, '0', '2022-07-12 04:39:31'),
(2139, 3, 428, '0', '2022-07-12 04:39:31'),
(2140, 3, 433, '0', '2022-07-12 04:39:31'),
(2141, 3, 443, '0', '2022-07-12 04:39:31'),
(2142, 3, 445, '0', '2022-07-12 04:39:31'),
(2143, 3, 430, 'A', '2022-07-12 04:39:31'),
(2144, 3, 382, '0', '2022-07-12 04:39:31'),
(2145, 3, 435, '0', '2022-07-12 04:39:31'),
(2146, 3, 398, '0', '2022-07-12 04:39:31'),
(2147, 3, 381, '0', '2022-07-12 04:39:31'),
(2148, 3, 423, '0', '2022-07-12 04:39:31'),
(2149, 3, 412, '0', '2022-07-12 04:39:31'),
(2150, 3, 375, '0', '2022-07-12 04:39:31'),
(2151, 3, 429, '0', '2022-07-12 04:39:31'),
(2152, 3, 439, '0', '2022-07-12 04:39:31'),
(2153, 3, 395, '0', '2022-07-12 04:39:31'),
(2154, 3, 388, '0', '2022-07-12 04:39:31'),
(2155, 3, 383, '0', '2022-07-12 04:39:31'),
(2156, 3, 442, '0', '2022-07-12 04:39:31'),
(2157, 3, 440, '0', '2022-07-12 04:39:31'),
(2158, 3, 396, '0', '2022-07-12 04:39:31'),
(2159, 3, 402, '0', '2022-07-12 04:39:31'),
(2160, 3, 389, '0', '2022-07-12 04:39:31'),
(2161, 3, 425, '0', '2022-07-12 04:39:31'),
(2162, 3, 403, '0', '2022-07-12 04:39:31'),
(2163, 3, 459, '0', '2022-07-12 04:39:31'),
(2164, 3, 387, '0', '2022-07-12 04:39:31'),
(2165, 3, 394, '0', '2022-07-12 04:39:31'),
(2166, 3, 391, '0', '2022-07-12 04:39:31'),
(2167, 3, 415, '0', '2022-07-12 04:39:31'),
(2168, 3, 422, 'B', '2022-07-12 04:39:31'),
(2169, 3, 401, '0', '2022-07-12 04:39:31'),
(2170, 3, 406, 'C', '2022-07-12 04:39:31'),
(2171, 3, 371, '0', '2022-07-12 04:39:31'),
(2172, 3, 454, '0', '2022-07-12 04:39:31'),
(2173, 3, 385, '0', '2022-07-12 04:39:31'),
(2174, 3, 420, '0', '2022-07-12 04:39:31'),
(2175, 3, 392, '0', '2022-07-12 04:39:31'),
(2176, 3, 386, '0', '2022-07-12 04:39:31'),
(2177, 3, 393, '0', '2022-07-12 04:39:31'),
(2178, 3, 458, '0', '2022-07-12 04:39:31'),
(2179, 3, 447, '0', '2022-07-12 04:39:31'),
(2180, 3, 370, 'E', '2022-07-12 04:39:31'),
(2181, 3, 399, '0', '2022-07-12 04:39:31'),
(2182, 3, 378, '0', '2022-07-12 04:39:31'),
(2183, 3, 380, '0', '2022-07-12 04:39:31'),
(2184, 3, 373, '0', '2022-07-12 04:39:31'),
(2185, 3, 400, '0', '2022-07-12 04:39:31'),
(2186, 3, 456, '0', '2022-07-12 04:39:31'),
(2187, 3, 444, '0', '2022-07-12 04:39:31'),
(2188, 3, 436, '0', '2022-07-12 04:39:31'),
(2189, 3, 379, '0', '2022-07-12 04:39:31'),
(2190, 3, 414, '0', '2022-07-12 04:39:31'),
(2191, 3, 418, '0', '2022-07-12 04:39:31'),
(2192, 3, 448, '0', '2022-07-12 04:39:31'),
(2193, 3, 411, '0', '2022-07-12 04:39:31'),
(2194, 3, 450, '0', '2022-07-12 04:39:31'),
(2195, 3, 452, '0', '2022-07-12 04:39:31'),
(2196, 3, 446, '0', '2022-07-12 04:39:31'),
(2197, 3, 426, '0', '2022-07-12 04:39:31'),
(2198, 3, 397, '0', '2022-07-12 04:39:31'),
(2199, 3, 374, '0', '2022-07-12 04:39:31'),
(2200, 3, 372, '0', '2022-07-12 04:39:31'),
(2201, 3, 432, '0', '2022-07-12 04:39:31'),
(2202, 3, 455, '0', '2022-07-12 04:39:31'),
(2203, 3, 441, '0', '2022-07-12 04:39:31'),
(2204, 3, 407, '0', '2022-07-12 04:39:31'),
(2205, 3, 410, '0', '2022-07-12 04:39:31'),
(2206, 3, 377, '0', '2022-07-12 04:39:31'),
(2207, 3, 408, '0', '2022-07-12 04:39:31'),
(2208, 3, 390, 'A', '2022-07-12 04:39:31'),
(2209, 3, 405, '0', '2022-07-12 04:39:31'),
(2210, 3, 409, '0', '2022-07-12 04:39:31'),
(2211, 3, 457, '0', '2022-07-12 04:39:31'),
(2212, 3, 376, '0', '2022-07-12 04:39:31'),
(2213, 5, 27, 'A', '2022-07-14 10:23:31'),
(2214, 5, 46, '0', '2022-07-14 10:23:31'),
(2215, 5, 47, '0', '2022-07-14 10:23:31'),
(2216, 5, 45, '0', '2022-07-14 10:23:31'),
(2217, 5, 28, '0', '2022-07-14 10:23:31'),
(2218, 5, 29, '0', '2022-07-14 10:23:31'),
(2219, 5, 44, '0', '2022-07-14 10:23:31'),
(2220, 5, 43, '0', '2022-07-14 10:23:31'),
(2221, 5, 46, 'A', '2022-07-14 10:27:13'),
(2222, 5, 27, 'B', '2022-07-14 10:27:13'),
(2223, 5, 43, 'A', '2022-07-14 10:27:13'),
(2224, 5, 28, 'B', '2022-07-14 10:27:13'),
(2225, 5, 44, 'A', '2022-07-14 10:27:13'),
(2226, 5, 45, 'A', '2022-07-14 10:27:13'),
(2227, 5, 47, 'A', '2022-07-14 10:27:13'),
(2228, 5, 29, 'A', '2022-07-14 10:27:13'),
(2229, 5, 19, '0', '2022-07-14 13:31:56'),
(2230, 5, 20, '0', '2022-07-14 13:31:56'),
(2231, 5, 21, '0', '2022-07-14 13:31:56'),
(2232, 5, 22, '0', '2022-07-14 13:31:56'),
(2233, 5, 23, '0', '2022-07-14 13:31:56'),
(2234, 5, 24, '0', '2022-07-14 13:31:56'),
(2235, 5, 25, '0', '2022-07-14 13:31:56'),
(2236, 5, 26, '0', '2022-07-14 13:31:56'),
(2237, 5, 27, '0', '2022-07-14 13:31:56'),
(2238, 5, 28, '0', '2022-07-14 13:31:56'),
(2239, 5, 29, '0', '2022-07-14 13:31:56'),
(2240, 5, 30, '0', '2022-07-14 13:31:56'),
(2241, 5, 31, '0', '2022-07-14 13:31:56'),
(2242, 5, 32, '0', '2022-07-14 13:31:56'),
(2243, 5, 33, '0', '2022-07-14 13:31:56'),
(2244, 5, 34, '0', '2022-07-14 13:31:56'),
(2245, 5, 35, '0', '2022-07-14 13:31:56'),
(2246, 5, 36, '0', '2022-07-14 13:31:56'),
(2247, 5, 37, '0', '2022-07-14 13:31:56'),
(2248, 5, 38, '0', '2022-07-14 13:31:56'),
(2249, 5, 39, '0', '2022-07-14 13:31:56'),
(2250, 5, 40, '0', '2022-07-14 13:31:56'),
(2251, 5, 41, '0', '2022-07-14 13:31:56'),
(2252, 5, 42, '0', '2022-07-14 13:31:56'),
(2253, 5, 43, '0', '2022-07-14 13:31:56'),
(2254, 5, 44, '0', '2022-07-14 13:31:56'),
(2255, 5, 45, '0', '2022-07-14 13:31:56'),
(2256, 5, 46, '0', '2022-07-14 13:31:56'),
(2257, 5, 47, '0', '2022-07-14 13:31:56'),
(2258, 5, 48, '0', '2022-07-14 13:31:56'),
(2259, 5, 49, '0', '2022-07-14 13:31:56'),
(2260, 5, 50, '0', '2022-07-14 13:31:56'),
(2261, 5, 51, '0', '2022-07-14 13:31:56'),
(2262, 5, 52, '0', '2022-07-14 13:31:56'),
(2263, 5, 53, '0', '2022-07-14 13:31:56'),
(2264, 5, 54, '0', '2022-07-14 13:31:56'),
(2265, 5, 55, '0', '2022-07-14 13:31:56'),
(2266, 5, 56, '0', '2022-07-14 13:31:56'),
(2267, 5, 57, '0', '2022-07-14 13:31:56'),
(2268, 5, 58, '0', '2022-07-14 13:31:56'),
(2269, 5, 59, '0', '2022-07-14 13:31:56'),
(2270, 5, 60, '0', '2022-07-14 13:31:56'),
(2271, 5, 61, '0', '2022-07-14 13:31:56'),
(2272, 5, 62, '0', '2022-07-14 13:31:56'),
(2273, 5, 63, '0', '2022-07-14 13:31:56'),
(2274, 5, 64, '0', '2022-07-14 13:31:56'),
(2275, 5, 65, '0', '2022-07-14 13:31:56'),
(2276, 5, 66, '0', '2022-07-14 13:31:56'),
(2277, 5, 67, '0', '2022-07-14 13:31:56'),
(2278, 5, 68, '0', '2022-07-14 13:31:56'),
(2279, 5, 69, '0', '2022-07-14 13:31:56'),
(2280, 5, 70, '0', '2022-07-14 13:31:56'),
(2281, 5, 71, '0', '2022-07-14 13:31:56'),
(2282, 5, 72, '0', '2022-07-14 13:31:56'),
(2283, 5, 73, '0', '2022-07-14 13:31:56'),
(2284, 5, 74, '0', '2022-07-14 13:31:56'),
(2285, 5, 75, '0', '2022-07-14 13:31:56'),
(2286, 5, 76, '0', '2022-07-14 13:31:56'),
(2287, 5, 77, '0', '2022-07-14 13:31:56'),
(2288, 5, 78, '0', '2022-07-14 13:31:56'),
(2289, 5, 79, '0', '2022-07-14 13:31:56'),
(2290, 5, 80, '0', '2022-07-14 13:31:56'),
(2291, 5, 81, '0', '2022-07-14 13:31:56'),
(2292, 5, 82, '0', '2022-07-14 13:31:56'),
(2293, 5, 83, '0', '2022-07-14 13:31:56'),
(2294, 5, 84, '0', '2022-07-14 13:31:56'),
(2295, 5, 85, '0', '2022-07-14 13:31:56'),
(2296, 5, 86, '0', '2022-07-14 13:31:56'),
(2297, 5, 87, '0', '2022-07-14 13:31:56'),
(2298, 5, 88, '0', '2022-07-14 13:31:56'),
(2299, 5, 89, '0', '2022-07-14 13:31:56'),
(2300, 5, 90, '0', '2022-07-14 13:31:56'),
(2301, 5, 91, '0', '2022-07-14 13:31:56'),
(2302, 5, 92, '0', '2022-07-14 13:31:56'),
(2303, 5, 93, '0', '2022-07-14 13:31:56'),
(2304, 5, 94, '0', '2022-07-14 13:31:56'),
(2305, 5, 95, '0', '2022-07-14 13:31:56'),
(2306, 5, 96, '0', '2022-07-14 13:31:56'),
(2307, 5, 97, '0', '2022-07-14 13:31:56'),
(2308, 5, 98, '0', '2022-07-14 13:31:56'),
(2309, 5, 99, '0', '2022-07-14 13:31:56'),
(2310, 5, 100, '0', '2022-07-14 13:31:56'),
(2311, 5, 101, '0', '2022-07-14 13:31:56'),
(2312, 5, 102, '0', '2022-07-14 13:31:56'),
(2313, 5, 103, '0', '2022-07-14 13:31:56'),
(2314, 5, 104, '0', '2022-07-14 13:31:56'),
(2315, 5, 105, '0', '2022-07-14 13:31:56'),
(2316, 5, 106, '0', '2022-07-14 13:31:56'),
(2317, 5, 107, '0', '2022-07-14 13:31:56'),
(2318, 5, 108, '0', '2022-07-14 13:31:56'),
(2319, 5, 109, '0', '2022-07-14 13:31:56'),
(2320, 5, 110, '0', '2022-07-14 13:31:56'),
(2321, 5, 111, '0', '2022-07-14 13:31:56'),
(2322, 5, 112, '0', '2022-07-14 13:31:56'),
(2323, 5, 113, '0', '2022-07-14 13:31:56'),
(2324, 5, 114, '0', '2022-07-14 13:31:56'),
(2325, 5, 115, '0', '2022-07-14 13:31:56'),
(2326, 5, 116, '0', '2022-07-14 13:31:56'),
(2327, 5, 117, '0', '2022-07-14 13:31:56'),
(2328, 5, 118, '0', '2022-07-14 13:31:56'),
(2329, 5, 119, '0', '2022-07-14 13:31:56'),
(2330, 5, 120, '0', '2022-07-14 13:31:56'),
(2331, 5, 121, '0', '2022-07-14 13:31:56'),
(2332, 5, 122, '0', '2022-07-14 13:31:56'),
(2333, 5, 123, '0', '2022-07-14 13:31:56'),
(2334, 5, 124, '0', '2022-07-14 13:31:56'),
(2335, 5, 125, '0', '2022-07-14 13:31:56'),
(2336, 5, 126, '0', '2022-07-14 13:31:56'),
(2337, 5, 127, '0', '2022-07-14 13:31:56'),
(2338, 5, 128, '0', '2022-07-14 13:31:56'),
(2339, 5, 129, '0', '2022-07-14 13:31:56'),
(2340, 5, 130, '0', '2022-07-14 13:31:56'),
(2341, 5, 131, '0', '2022-07-14 13:31:56'),
(2342, 5, 132, '0', '2022-07-14 13:31:56'),
(2343, 5, 133, '0', '2022-07-14 13:31:56'),
(2344, 5, 134, '0', '2022-07-14 13:31:56'),
(2345, 5, 135, '0', '2022-07-14 13:31:56'),
(2346, 5, 136, '0', '2022-07-14 13:31:56'),
(2347, 5, 137, '0', '2022-07-14 13:31:56'),
(2348, 5, 138, '0', '2022-07-14 13:31:56'),
(2349, 5, 139, '0', '2022-07-14 13:31:56'),
(2350, 5, 140, '0', '2022-07-14 13:31:56'),
(2351, 5, 141, '0', '2022-07-14 13:31:56'),
(2352, 5, 142, '0', '2022-07-14 13:31:56'),
(2353, 5, 143, '0', '2022-07-14 13:31:56'),
(2354, 5, 144, '0', '2022-07-14 13:31:56'),
(2355, 5, 145, '0', '2022-07-14 13:31:56'),
(2356, 5, 146, '0', '2022-07-14 13:31:56'),
(2357, 5, 147, '0', '2022-07-14 13:31:56'),
(2358, 5, 148, '0', '2022-07-14 13:31:56'),
(2359, 5, 149, '0', '2022-07-14 13:31:56'),
(2360, 5, 150, '0', '2022-07-14 13:31:56'),
(2361, 5, 151, '0', '2022-07-14 13:31:56'),
(2362, 5, 152, '0', '2022-07-14 13:31:56'),
(2363, 5, 153, '0', '2022-07-14 13:31:56'),
(2364, 5, 154, '0', '2022-07-14 13:31:56'),
(2365, 5, 155, '0', '2022-07-14 13:31:56'),
(2366, 5, 156, '0', '2022-07-14 13:31:56'),
(2367, 5, 157, '0', '2022-07-14 13:31:56'),
(2368, 5, 158, '0', '2022-07-14 13:31:56'),
(2369, 5, 159, '0', '2022-07-14 13:31:56'),
(2370, 5, 160, '0', '2022-07-14 13:31:56'),
(2371, 5, 161, '0', '2022-07-14 13:31:56'),
(2372, 5, 162, '0', '2022-07-14 13:31:56'),
(2373, 5, 163, '0', '2022-07-14 13:31:56'),
(2374, 5, 164, '0', '2022-07-14 13:31:56'),
(2375, 5, 165, '0', '2022-07-14 13:31:56'),
(2376, 5, 166, '0', '2022-07-14 13:31:56'),
(2377, 5, 167, '0', '2022-07-14 13:31:56'),
(2378, 5, 168, '0', '2022-07-14 13:31:56'),
(2379, 5, 169, '0', '2022-07-14 13:31:56'),
(2380, 5, 170, '0', '2022-07-14 13:31:56'),
(2381, 5, 171, '0', '2022-07-14 13:31:56'),
(2382, 5, 172, '0', '2022-07-14 13:31:56'),
(2383, 5, 173, '0', '2022-07-14 13:31:56'),
(2384, 5, 174, '0', '2022-07-14 13:31:56'),
(2385, 5, 175, '0', '2022-07-14 13:31:56'),
(2386, 5, 176, '0', '2022-07-14 13:31:56'),
(2387, 5, 177, '0', '2022-07-14 13:31:56'),
(2388, 5, 178, '0', '2022-07-14 13:31:56'),
(2389, 5, 179, '0', '2022-07-14 13:31:56'),
(2390, 5, 180, '0', '2022-07-14 13:31:56'),
(2391, 5, 181, '0', '2022-07-14 13:31:56'),
(2392, 5, 182, '0', '2022-07-14 13:31:56'),
(2393, 5, 183, '0', '2022-07-14 13:31:56'),
(2394, 5, 184, '0', '2022-07-14 13:31:56'),
(2395, 5, 185, '0', '2022-07-14 13:31:56'),
(2396, 5, 186, '0', '2022-07-14 13:31:56'),
(2397, 5, 187, '0', '2022-07-14 13:31:56'),
(2398, 5, 188, '0', '2022-07-14 13:31:56'),
(2399, 5, 189, '0', '2022-07-14 13:31:56'),
(2400, 5, 190, '0', '2022-07-14 13:31:56'),
(2401, 5, 191, '0', '2022-07-14 13:31:56'),
(2402, 5, 192, '0', '2022-07-14 13:31:56'),
(2403, 5, 193, '0', '2022-07-14 13:31:56'),
(2404, 5, 194, '0', '2022-07-14 13:31:56'),
(2405, 5, 195, '0', '2022-07-14 13:31:56'),
(2406, 5, 196, '0', '2022-07-14 13:31:56'),
(2407, 5, 197, '0', '2022-07-14 13:31:56'),
(2408, 5, 198, '0', '2022-07-14 13:31:56'),
(2409, 5, 199, '0', '2022-07-14 13:31:56'),
(2410, 5, 200, '0', '2022-07-14 13:31:56'),
(2411, 5, 201, '0', '2022-07-14 13:31:56'),
(2412, 5, 202, '0', '2022-07-14 13:31:56'),
(2413, 5, 203, '0', '2022-07-14 13:31:56');
INSERT INTO `answers` (`id`, `user_id`, `question_id`, `answer`, `date_created`) VALUES
(2414, 5, 204, '0', '2022-07-14 13:31:56'),
(2415, 5, 205, '0', '2022-07-14 13:31:56'),
(2416, 5, 206, '0', '2022-07-14 13:31:56'),
(2417, 5, 207, '0', '2022-07-14 13:31:56'),
(2418, 5, 208, '0', '2022-07-14 13:31:56'),
(2419, 5, 209, '0', '2022-07-14 13:31:56'),
(2420, 5, 210, '0', '2022-07-14 13:31:56'),
(2421, 5, 211, '0', '2022-07-14 13:31:56'),
(2422, 5, 212, '0', '2022-07-14 13:31:56'),
(2423, 5, 213, '0', '2022-07-14 13:31:56'),
(2424, 5, 214, '0', '2022-07-14 13:31:56'),
(2425, 5, 215, '0', '2022-07-14 13:31:56'),
(2426, 5, 216, '0', '2022-07-14 13:31:56'),
(2427, 5, 217, '0', '2022-07-14 13:31:56'),
(2428, 5, 218, '0', '2022-07-14 13:31:56'),
(2429, 5, 219, '0', '2022-07-14 13:31:56'),
(2430, 5, 220, '0', '2022-07-14 13:31:56'),
(2431, 5, 221, '0', '2022-07-14 13:31:56'),
(2432, 5, 222, '0', '2022-07-14 13:31:56'),
(2433, 5, 223, '0', '2022-07-14 13:31:56'),
(2434, 5, 224, '0', '2022-07-14 13:31:56'),
(2435, 5, 225, '0', '2022-07-14 13:31:56'),
(2436, 5, 226, '0', '2022-07-14 13:31:56'),
(2437, 5, 227, '0', '2022-07-14 13:31:56'),
(2438, 5, 228, '0', '2022-07-14 13:31:56'),
(2439, 5, 229, '0', '2022-07-14 13:31:56'),
(2440, 5, 230, '0', '2022-07-14 13:31:56'),
(2441, 5, 231, '0', '2022-07-14 13:31:56'),
(2442, 5, 232, '0', '2022-07-14 13:31:56'),
(2443, 5, 233, '0', '2022-07-14 13:31:56'),
(2444, 5, 234, '0', '2022-07-14 13:31:56'),
(2445, 5, 235, '0', '2022-07-14 13:31:56'),
(2446, 5, 236, '0', '2022-07-14 13:31:56'),
(2447, 5, 237, '0', '2022-07-14 13:31:56'),
(2448, 5, 238, '0', '2022-07-14 13:31:56'),
(2449, 5, 239, '0', '2022-07-14 13:31:56'),
(2450, 5, 240, '0', '2022-07-14 13:31:56'),
(2451, 5, 241, '0', '2022-07-14 13:31:56'),
(2452, 5, 242, '0', '2022-07-14 13:31:56'),
(2453, 5, 243, '0', '2022-07-14 13:31:56'),
(2454, 5, 244, '0', '2022-07-14 13:31:56'),
(2455, 5, 245, '0', '2022-07-14 13:31:56'),
(2456, 5, 246, '0', '2022-07-14 13:31:56'),
(2457, 5, 247, '0', '2022-07-14 13:31:56'),
(2458, 5, 248, '0', '2022-07-14 13:31:56'),
(2459, 5, 249, '0', '2022-07-14 13:31:56'),
(2460, 5, 250, '0', '2022-07-14 13:31:56'),
(2461, 5, 251, '0', '2022-07-14 13:31:56'),
(2462, 5, 252, '0', '2022-07-14 13:31:56'),
(2463, 5, 253, '0', '2022-07-14 13:31:56'),
(2464, 5, 254, '0', '2022-07-14 13:31:56'),
(2465, 5, 255, '0', '2022-07-14 13:31:56'),
(2466, 5, 256, '0', '2022-07-14 13:31:56'),
(2467, 5, 257, '0', '2022-07-14 13:31:56'),
(2468, 5, 258, '0', '2022-07-14 13:31:56'),
(2469, 5, 259, '0', '2022-07-14 13:31:56'),
(2470, 5, 260, '0', '2022-07-14 13:31:56'),
(2471, 5, 261, '0', '2022-07-14 13:31:56'),
(2472, 5, 262, '0', '2022-07-14 13:31:56'),
(2473, 5, 263, '0', '2022-07-14 13:31:56'),
(2474, 5, 264, '0', '2022-07-14 13:31:56'),
(2475, 5, 265, '0', '2022-07-14 13:31:56'),
(2476, 5, 266, '0', '2022-07-14 13:31:56'),
(2477, 5, 267, '0', '2022-07-14 13:31:56'),
(2478, 5, 268, '0', '2022-07-14 13:31:56'),
(2479, 5, 269, '0', '2022-07-14 13:31:56'),
(2480, 5, 270, '0', '2022-07-14 13:31:56'),
(2481, 5, 271, '0', '2022-07-14 13:31:56'),
(2482, 5, 272, '0', '2022-07-14 13:31:56'),
(2483, 5, 273, '0', '2022-07-14 13:31:56'),
(2484, 5, 274, '0', '2022-07-14 13:31:56'),
(2485, 5, 275, '0', '2022-07-14 13:31:56'),
(2486, 5, 276, '0', '2022-07-14 13:31:56'),
(2487, 5, 277, '0', '2022-07-14 13:31:56'),
(2488, 5, 278, '0', '2022-07-14 13:31:56'),
(2489, 5, 279, '0', '2022-07-14 13:31:56'),
(2490, 5, 280, '0', '2022-07-14 13:31:56'),
(2491, 5, 281, '0', '2022-07-14 13:31:56'),
(2492, 5, 282, '0', '2022-07-14 13:31:56'),
(2493, 5, 283, '0', '2022-07-14 13:31:56'),
(2494, 5, 284, '0', '2022-07-14 13:31:56'),
(2495, 5, 285, '0', '2022-07-14 13:31:56'),
(2496, 5, 286, '0', '2022-07-14 13:31:56'),
(2497, 5, 287, '0', '2022-07-14 13:31:56'),
(2498, 5, 288, '0', '2022-07-14 13:31:56'),
(2499, 5, 289, '0', '2022-07-14 13:31:56'),
(2500, 5, 290, '0', '2022-07-14 13:31:56'),
(2501, 5, 291, '0', '2022-07-14 13:31:56'),
(2502, 5, 292, '0', '2022-07-14 13:31:56'),
(2503, 5, 293, '0', '2022-07-14 13:31:56'),
(2504, 5, 294, '0', '2022-07-14 13:31:56'),
(2505, 5, 295, '0', '2022-07-14 13:31:56'),
(2506, 5, 296, '0', '2022-07-14 13:31:56'),
(2507, 5, 297, '0', '2022-07-14 13:31:56'),
(2508, 5, 298, '0', '2022-07-14 13:31:56'),
(2509, 5, 299, '0', '2022-07-14 13:31:56'),
(2510, 5, 300, '0', '2022-07-14 13:31:56'),
(2511, 5, 301, '0', '2022-07-14 13:31:56'),
(2512, 5, 302, '0', '2022-07-14 13:31:56'),
(2513, 5, 303, '0', '2022-07-14 13:31:56'),
(2514, 5, 304, '0', '2022-07-14 13:31:56'),
(2515, 5, 305, '0', '2022-07-14 13:31:56'),
(2516, 5, 306, '0', '2022-07-14 13:31:56'),
(2517, 5, 307, '0', '2022-07-14 13:31:56'),
(2518, 5, 308, '0', '2022-07-14 13:31:56'),
(2519, 5, 309, '0', '2022-07-14 13:31:56'),
(2520, 5, 310, '0', '2022-07-14 13:31:56'),
(2521, 5, 311, '0', '2022-07-14 13:31:56'),
(2522, 5, 312, '0', '2022-07-14 13:31:56'),
(2523, 5, 313, '0', '2022-07-14 13:31:56'),
(2524, 5, 314, '0', '2022-07-14 13:31:56'),
(2525, 5, 315, '0', '2022-07-14 13:31:56'),
(2526, 5, 316, '0', '2022-07-14 13:31:56'),
(2527, 5, 317, '0', '2022-07-14 13:31:56'),
(2528, 5, 318, '0', '2022-07-14 13:31:56'),
(2529, 5, 319, '0', '2022-07-14 13:31:56'),
(2530, 5, 320, '0', '2022-07-14 13:31:56'),
(2531, 5, 321, '0', '2022-07-14 13:31:56'),
(2532, 5, 322, '0', '2022-07-14 13:31:56'),
(2533, 5, 323, '0', '2022-07-14 13:31:56'),
(2534, 5, 324, '0', '2022-07-14 13:31:56'),
(2535, 5, 325, '0', '2022-07-14 13:31:56'),
(2536, 5, 326, '0', '2022-07-14 13:31:56'),
(2537, 5, 327, '0', '2022-07-14 13:31:56'),
(2538, 5, 328, '0', '2022-07-14 13:31:56'),
(2539, 5, 329, '0', '2022-07-14 13:31:56'),
(2540, 5, 330, '0', '2022-07-14 13:31:56'),
(2541, 5, 331, '0', '2022-07-14 13:31:56'),
(2542, 5, 332, '0', '2022-07-14 13:31:56'),
(2543, 5, 333, '0', '2022-07-14 13:31:56'),
(2544, 5, 334, '0', '2022-07-14 13:31:56'),
(2545, 5, 335, '0', '2022-07-14 13:31:56'),
(2546, 5, 336, '0', '2022-07-14 13:31:56'),
(2547, 5, 337, '0', '2022-07-14 13:31:56'),
(2548, 5, 338, '0', '2022-07-14 13:31:56'),
(2549, 5, 339, '0', '2022-07-14 13:31:56'),
(2550, 5, 340, '0', '2022-07-14 13:31:56'),
(2551, 5, 341, '0', '2022-07-14 13:31:56'),
(2552, 5, 342, '0', '2022-07-14 13:31:56'),
(2553, 5, 343, '0', '2022-07-14 13:31:56'),
(2554, 5, 344, '0', '2022-07-14 13:31:56'),
(2555, 5, 345, '0', '2022-07-14 13:31:56'),
(2556, 5, 346, '0', '2022-07-14 13:31:56'),
(2557, 5, 347, '0', '2022-07-14 13:31:56'),
(2558, 5, 348, '0', '2022-07-14 13:31:56'),
(2559, 5, 349, '0', '2022-07-14 13:31:56'),
(2560, 5, 350, '0', '2022-07-14 13:31:56'),
(2561, 5, 351, '0', '2022-07-14 13:31:56'),
(2562, 5, 352, '0', '2022-07-14 13:31:56'),
(2563, 5, 353, '0', '2022-07-14 13:31:56'),
(2564, 5, 354, '0', '2022-07-14 13:31:56'),
(2565, 5, 355, '0', '2022-07-14 13:31:56'),
(2566, 5, 356, '0', '2022-07-14 13:31:56'),
(2567, 5, 357, '0', '2022-07-14 13:31:56'),
(2568, 5, 358, '0', '2022-07-14 13:31:56'),
(2569, 5, 359, '0', '2022-07-14 13:31:56'),
(2570, 5, 360, '0', '2022-07-14 13:31:56'),
(2571, 5, 361, '0', '2022-07-14 13:31:56'),
(2572, 5, 362, '0', '2022-07-14 13:31:56'),
(2573, 5, 363, '0', '2022-07-14 13:31:56'),
(2574, 5, 364, '0', '2022-07-14 13:31:56'),
(2575, 5, 365, '0', '2022-07-14 13:31:56'),
(2576, 5, 366, '0', '2022-07-14 13:31:56'),
(2577, 5, 367, '0', '2022-07-14 13:31:56'),
(2578, 5, 368, '0', '2022-07-14 13:31:56'),
(2579, 5, 369, '0', '2022-07-14 13:31:56'),
(2580, 5, 370, '0', '2022-07-14 13:31:56'),
(2581, 5, 371, '0', '2022-07-14 13:31:56'),
(2582, 5, 372, '0', '2022-07-14 13:31:56'),
(2583, 5, 373, '0', '2022-07-14 13:31:56'),
(2584, 5, 374, '0', '2022-07-14 13:31:56'),
(2585, 5, 375, '0', '2022-07-14 13:31:56'),
(2586, 5, 376, '0', '2022-07-14 13:31:56'),
(2587, 5, 377, '0', '2022-07-14 13:31:56'),
(2588, 5, 378, '0', '2022-07-14 13:31:56'),
(2589, 5, 379, '0', '2022-07-14 13:31:56'),
(2590, 5, 380, '0', '2022-07-14 13:31:56'),
(2591, 5, 381, '0', '2022-07-14 13:31:56'),
(2592, 5, 382, '0', '2022-07-14 13:31:56'),
(2593, 5, 383, '0', '2022-07-14 13:31:56'),
(2594, 5, 384, '0', '2022-07-14 13:31:56'),
(2595, 5, 385, '0', '2022-07-14 13:31:56'),
(2596, 5, 386, '0', '2022-07-14 13:31:56'),
(2597, 5, 387, '0', '2022-07-14 13:31:56'),
(2598, 5, 388, '0', '2022-07-14 13:31:56'),
(2599, 5, 389, '0', '2022-07-14 13:31:56'),
(2600, 5, 390, '0', '2022-07-14 13:31:56'),
(2601, 5, 391, '0', '2022-07-14 13:31:56'),
(2602, 5, 392, '0', '2022-07-14 13:31:56'),
(2603, 5, 393, '0', '2022-07-14 13:31:56'),
(2604, 5, 394, '0', '2022-07-14 13:31:56'),
(2605, 5, 395, '0', '2022-07-14 13:31:56'),
(2606, 5, 396, '0', '2022-07-14 13:31:56'),
(2607, 5, 397, '0', '2022-07-14 13:31:56'),
(2608, 5, 398, '0', '2022-07-14 13:31:56'),
(2609, 5, 399, '0', '2022-07-14 13:31:56'),
(2610, 5, 400, '0', '2022-07-14 13:31:56'),
(2611, 5, 401, '0', '2022-07-14 13:31:56'),
(2612, 5, 402, '0', '2022-07-14 13:31:56'),
(2613, 5, 403, '0', '2022-07-14 13:31:56'),
(2614, 5, 404, '0', '2022-07-14 13:31:56'),
(2615, 5, 405, '0', '2022-07-14 13:31:56'),
(2616, 5, 406, '0', '2022-07-14 13:31:56'),
(2617, 5, 407, '0', '2022-07-14 13:31:56'),
(2618, 5, 408, '0', '2022-07-14 13:31:56'),
(2619, 5, 409, '0', '2022-07-14 13:31:56'),
(2620, 5, 410, '0', '2022-07-14 13:31:56'),
(2621, 5, 411, '0', '2022-07-14 13:31:56'),
(2622, 5, 412, '0', '2022-07-14 13:31:56'),
(2623, 5, 413, '0', '2022-07-14 13:31:56'),
(2624, 5, 414, '0', '2022-07-14 13:31:56'),
(2625, 5, 415, '0', '2022-07-14 13:31:56'),
(2626, 5, 416, '0', '2022-07-14 13:31:56'),
(2627, 5, 417, '0', '2022-07-14 13:31:56'),
(2628, 5, 418, '0', '2022-07-14 13:31:56'),
(2629, 5, 419, '0', '2022-07-14 13:31:56'),
(2630, 5, 420, '0', '2022-07-14 13:31:56'),
(2631, 5, 421, '0', '2022-07-14 13:31:56'),
(2632, 5, 422, '0', '2022-07-14 13:31:56'),
(2633, 5, 423, '0', '2022-07-14 13:31:56'),
(2634, 5, 424, '0', '2022-07-14 13:31:56'),
(2635, 5, 425, '0', '2022-07-14 13:31:56'),
(2636, 5, 426, '0', '2022-07-14 13:31:56'),
(2637, 5, 427, '0', '2022-07-14 13:31:56'),
(2638, 5, 428, '0', '2022-07-14 13:31:56'),
(2639, 5, 429, '0', '2022-07-14 13:31:56'),
(2640, 5, 430, '0', '2022-07-14 13:31:56'),
(2641, 5, 431, '0', '2022-07-14 13:31:56'),
(2642, 5, 432, '0', '2022-07-14 13:31:56'),
(2643, 5, 433, '0', '2022-07-14 13:31:56'),
(2644, 5, 434, '0', '2022-07-14 13:31:56'),
(2645, 5, 435, '0', '2022-07-14 13:31:56'),
(2646, 5, 436, '0', '2022-07-14 13:31:56'),
(2647, 5, 437, '0', '2022-07-14 13:31:56'),
(2648, 5, 438, '0', '2022-07-14 13:31:56'),
(2649, 5, 439, '0', '2022-07-14 13:31:56'),
(2650, 5, 440, '0', '2022-07-14 13:31:56'),
(2651, 5, 441, '0', '2022-07-14 13:31:56'),
(2652, 5, 442, '0', '2022-07-14 13:31:56'),
(2653, 5, 443, '0', '2022-07-14 13:31:56'),
(2654, 5, 444, '0', '2022-07-14 13:31:56'),
(2655, 5, 445, '0', '2022-07-14 13:31:56'),
(2656, 5, 446, '0', '2022-07-14 13:31:56'),
(2657, 5, 447, '0', '2022-07-14 13:31:56'),
(2658, 5, 448, '0', '2022-07-14 13:31:56'),
(2659, 5, 449, '0', '2022-07-14 13:31:56'),
(2660, 5, 450, '0', '2022-07-14 13:31:56'),
(2661, 5, 451, '0', '2022-07-14 13:31:56'),
(2662, 5, 452, '0', '2022-07-14 13:31:56'),
(2663, 5, 453, '0', '2022-07-14 13:31:56'),
(2664, 5, 454, '0', '2022-07-14 13:31:56'),
(2665, 5, 455, '0', '2022-07-14 13:31:56'),
(2666, 5, 456, '0', '2022-07-14 13:31:56'),
(2667, 5, 457, '0', '2022-07-14 13:31:56'),
(2668, 5, 458, '0', '2022-07-14 13:31:56'),
(2669, 5, 459, '0', '2022-07-14 13:31:56'),
(2670, 5, 460, '0', '2022-07-14 13:31:56'),
(2671, 5, 461, '0', '2022-07-14 13:31:56'),
(2672, 5, 462, '0', '2022-07-14 13:31:56'),
(2673, 5, 463, '0', '2022-07-14 13:31:56'),
(2674, 5, 464, '0', '2022-07-14 13:31:56'),
(2675, 5, 465, '0', '2022-07-14 13:31:56'),
(2676, 5, 466, '0', '2022-07-14 13:31:56'),
(2677, 5, 467, '0', '2022-07-14 13:31:56'),
(2678, 5, 468, '0', '2022-07-14 13:31:56'),
(2679, 5, 469, '0', '2022-07-14 13:31:56'),
(2680, 5, 470, '0', '2022-07-14 13:31:56'),
(2681, 5, 471, '0', '2022-07-14 13:31:56'),
(2682, 5, 472, '0', '2022-07-14 13:31:56'),
(2683, 5, 473, '0', '2022-07-14 13:31:56'),
(2684, 5, 474, '0', '2022-07-14 13:31:56'),
(2685, 5, 475, '0', '2022-07-14 13:31:56'),
(2686, 5, 476, '0', '2022-07-14 13:31:56'),
(2687, 5, 477, '0', '2022-07-14 13:31:56'),
(2688, 5, 478, '0', '2022-07-14 13:31:56'),
(2689, 5, 479, '0', '2022-07-14 13:31:56'),
(2690, 5, 480, '0', '2022-07-14 13:31:56'),
(2691, 5, 481, '0', '2022-07-14 13:31:56'),
(2692, 5, 482, '0', '2022-07-14 13:31:56'),
(2693, 5, 483, '0', '2022-07-14 13:31:56'),
(2694, 5, 484, '0', '2022-07-14 13:31:56'),
(2695, 5, 485, '0', '2022-07-14 13:31:56'),
(2696, 5, 486, '0', '2022-07-14 13:31:56'),
(2697, 5, 487, '0', '2022-07-14 13:31:56'),
(2698, 5, 488, '0', '2022-07-14 13:31:56'),
(2699, 5, 489, '0', '2022-07-14 13:31:56'),
(2700, 5, 490, '0', '2022-07-14 13:31:56'),
(2701, 5, 491, '0', '2022-07-14 13:31:56'),
(2702, 5, 492, '0', '2022-07-14 13:31:56'),
(2703, 5, 493, '0', '2022-07-14 13:31:56'),
(2704, 5, 494, '0', '2022-07-14 13:31:56'),
(2705, 5, 495, '0', '2022-07-14 13:31:56'),
(2706, 5, 496, '0', '2022-07-14 13:31:56'),
(2707, 5, 497, '0', '2022-07-14 13:31:56'),
(2708, 5, 498, '0', '2022-07-14 13:31:56'),
(2709, 5, 499, '0', '2022-07-14 13:31:56'),
(2710, 5, 500, '0', '2022-07-14 13:31:56'),
(2711, 5, 501, '0', '2022-07-14 13:31:56'),
(2712, 5, 502, '0', '2022-07-14 13:31:56'),
(2713, 5, 503, '0', '2022-07-14 13:31:56'),
(2714, 5, 504, '0', '2022-07-14 13:31:56'),
(2715, 5, 505, '0', '2022-07-14 13:31:56'),
(2716, 5, 506, '0', '2022-07-14 13:31:56'),
(2717, 5, 507, '0', '2022-07-14 13:31:56'),
(2718, 5, 508, '0', '2022-07-14 13:31:56'),
(2719, 5, 509, '0', '2022-07-14 13:31:56'),
(2720, 5, 510, '0', '2022-07-14 13:31:56'),
(2721, 5, 511, '0', '2022-07-14 13:31:56'),
(2722, 5, 512, '0', '2022-07-14 13:31:56'),
(2723, 5, 513, '0', '2022-07-14 13:31:56'),
(2724, 5, 514, '0', '2022-07-14 13:31:56'),
(2725, 5, 515, '0', '2022-07-14 13:31:56');

-- --------------------------------------------------------

--
-- Table structure for table `classes`
--

CREATE TABLE `classes` (
  `id` int(11) NOT NULL,
  `name` varchar(50) NOT NULL,
  `date_created` timestamp NOT NULL DEFAULT current_timestamp()
) ENGINE=InnoDB DEFAULT CHARSET=utf8mb4;

--
-- Dumping data for table `classes`
--

INSERT INTO `classes` (`id`, `name`, `date_created`) VALUES
(1, 'Akpol', '2022-07-03 10:44:06'),
(2, 'Bintara', '2022-07-03 10:44:06'),
(3, 'Tamtama', '2022-07-03 10:44:06');

-- --------------------------------------------------------

--
-- Table structure for table `courses`
--

CREATE TABLE `courses` (
  `id` int(11) NOT NULL,
  `course_category_id` int(11) NOT NULL,
  `course_type_id` int(11) NOT NULL,
  `name` varchar(50) NOT NULL,
  `start_time` timestamp NOT NULL DEFAULT current_timestamp() ON UPDATE current_timestamp(),
  `test_time` int(11) NOT NULL,
  `number_of_questions` int(11) NOT NULL,
  `date_created` timestamp NOT NULL DEFAULT current_timestamp()
) ENGINE=InnoDB DEFAULT CHARSET=utf8mb4;

--
-- Dumping data for table `courses`
--

INSERT INTO `courses` (`id`, `course_category_id`, `course_type_id`, `name`, `start_time`, `test_time`, `number_of_questions`, `date_created`) VALUES
(1, 1, 1, 'Kecerdasan 1', '2022-07-11 06:30:49', 100, 90, '2022-06-28 11:11:52'),
(2, 2, 1, 'Kepribadian 1', '2022-07-11 06:30:53', 45, 120, '2022-06-28 11:11:52'),
(3, 3, 1, 'Kecermatan 1', '2022-07-11 06:30:57', 1, 500, '2022-06-28 11:11:52'),
(4, 4, 2, 'Pengetahuan Umum 1', '2022-07-11 06:31:01', 40, 30, '2022-06-28 11:32:46'),
(8, 5, 2, 'Wawasan Kebangsaan 1', '2022-07-11 06:31:04', 90, 3, '2022-06-28 11:32:46'),
(9, 6, 2, 'Matematika 1', '2022-07-11 06:31:10', 90, 3, '2022-06-28 11:32:46'),
(10, 7, 2, 'Bahasa Indonesia 1', '2022-07-11 06:31:13', 90, 3, '2022-06-28 11:32:46'),
(11, 8, 2, 'Bahasa Inggris 1', '2022-07-11 06:31:17', 90, 3, '2022-06-28 11:32:46'),
(12, 1, 1, 'Kecerdasan 2', '2022-07-11 06:31:20', 100, 90, '2022-07-11 06:14:40'),
(13, 4, 2, 'Pengetahuan Umum 2', '2022-07-12 05:07:07', 30, 10, '2022-07-12 05:06:48'),
(14, 1, 1, 'Kecerdasan 3', '2022-07-14 10:12:38', 90, 1, '2022-07-14 10:08:33');

-- --------------------------------------------------------

--
-- Table structure for table `course_category`
--

CREATE TABLE `course_category` (
  `id` int(11) NOT NULL,
  `course_type_id` int(11) NOT NULL,
  `name` varchar(50) NOT NULL,
  `isRandom` tinyint(4) NOT NULL DEFAULT 0,
  `date_created` timestamp NOT NULL DEFAULT current_timestamp()
) ENGINE=InnoDB DEFAULT CHARSET=utf8mb4;

--
-- Dumping data for table `course_category`
--

INSERT INTO `course_category` (`id`, `course_type_id`, `name`, `isRandom`, `date_created`) VALUES
(1, 1, 'Kecerdasan', 1, '2022-06-28 08:35:12'),
(2, 1, 'Kepribadian', 1, '2022-06-28 08:35:12'),
(3, 1, 'Kecermatan', 0, '2022-06-28 08:35:12'),
(4, 2, 'Pengetahuan Umum', 1, '2022-06-28 11:18:01'),
(5, 2, 'Wawasan Kebangsaan', 1, '2022-07-01 08:25:27'),
(6, 2, 'Matematika', 1, '2022-07-01 08:25:27'),
(7, 2, 'Bahasa Indonesia', 1, '2022-07-01 08:25:27'),
(8, 2, 'Bahasa Inggris', 1, '2022-07-01 08:25:27');

-- --------------------------------------------------------

--
-- Table structure for table `course_classes`
--

CREATE TABLE `course_classes` (
  `id` int(11) NOT NULL,
  `course_id` int(11) NOT NULL,
  `class_id` int(11) NOT NULL,
  `date_created` timestamp NOT NULL DEFAULT current_timestamp()
) ENGINE=InnoDB DEFAULT CHARSET=utf8mb4;

--
-- Dumping data for table `course_classes`
--

INSERT INTO `course_classes` (`id`, `course_id`, `class_id`, `date_created`) VALUES
(1, 10, 1, '2022-07-03 10:44:18'),
(2, 11, 2, '2022-07-03 10:44:18'),
(3, 11, 3, '2022-07-03 10:44:18');

-- --------------------------------------------------------

--
-- Table structure for table `course_packages`
--

CREATE TABLE `course_packages` (
  `id` int(11) NOT NULL,
  `name` varchar(100) NOT NULL,
  `date_created` timestamp NOT NULL DEFAULT current_timestamp()
) ENGINE=InnoDB DEFAULT CHARSET=utf8mb4;

--
-- Dumping data for table `course_packages`
--

INSERT INTO `course_packages` (`id`, `name`, `date_created`) VALUES
(1, 'Try Out 1 Akademik', '2022-07-11 07:45:37'),
(2, 'Try Out 1 Psikologi', '2022-07-11 07:46:03');

-- --------------------------------------------------------

--
-- Table structure for table `course_sub_category`
--

CREATE TABLE `course_sub_category` (
  `id` int(11) NOT NULL,
  `course_category_id` int(11) NOT NULL,
  `name` varchar(50) NOT NULL,
  `date_created` timestamp NOT NULL DEFAULT current_timestamp()
) ENGINE=InnoDB DEFAULT CHARSET=utf8mb4;

--
-- Dumping data for table `course_sub_category`
--

INSERT INTO `course_sub_category` (`id`, `course_category_id`, `name`, `date_created`) VALUES
(1, 1, 'Verbal', '2022-06-28 08:36:06'),
(2, 1, 'Praktis', '2022-06-28 08:36:06'),
(3, 1, 'Logis', '2022-06-28 08:36:06'),
(4, 2, 'Stabilitas Emosi', '2022-06-28 08:37:04'),
(5, 2, 'Pro Sosial', '2022-06-28 08:37:04'),
(6, 2, 'Kepercayaan Diri', '2022-06-28 08:37:04'),
(7, 2, 'Penyesuaian Diri', '2022-06-28 08:37:04'),
(8, 2, 'Motivasi Berprestasi', '2022-06-28 08:37:04'),
(9, 2, 'Pengambilan Keputusan', '2022-06-28 08:37:04'),
(10, 2, 'Loyalitas', '2022-06-28 08:37:04'),
(11, 2, 'Kerjasama', '2022-06-28 08:37:04'),
(12, 3, 'Kecepatan', '2022-06-30 12:37:28'),
(13, 3, 'Ketelitian', '2022-06-30 12:37:28'),
(14, 3, 'Ketahanan', '2022-06-30 12:37:28'),
(15, 4, 'Pengetahuan Umum', '2022-06-30 13:10:31'),
(16, 5, 'Wawasan Kebangsaan', '2022-07-01 08:27:03'),
(17, 6, 'Matematika', '2022-07-01 08:27:03'),
(18, 7, 'Bahasa Indonesia', '2022-07-01 08:27:03'),
(19, 8, 'Bahasa Inggris', '2022-07-01 08:27:03');

-- --------------------------------------------------------

--
-- Table structure for table `course_to_packages`
--

CREATE TABLE `course_to_packages` (
  `id` int(11) NOT NULL,
  `course_package_id` int(11) NOT NULL,
  `course_id` int(11) NOT NULL,
  `course_type_id` int(11) NOT NULL,
  `date_created` timestamp NOT NULL DEFAULT current_timestamp()
) ENGINE=InnoDB DEFAULT CHARSET=utf8mb4;

--
-- Dumping data for table `course_to_packages`
--

INSERT INTO `course_to_packages` (`id`, `course_package_id`, `course_id`, `course_type_id`, `date_created`) VALUES
(30, 2, 1, 1, '2022-07-14 08:01:23'),
(31, 2, 2, 1, '2022-07-14 08:01:23'),
(32, 2, 3, 1, '2022-07-14 08:01:23'),
(33, 1, 4, 2, '2022-07-14 08:01:57'),
(34, 1, 8, 2, '2022-07-14 08:01:57'),
(35, 1, 9, 2, '2022-07-14 08:01:58'),
(36, 1, 10, 2, '2022-07-14 08:01:58'),
(37, 1, 11, 2, '2022-07-14 08:01:58');

-- --------------------------------------------------------

--
-- Table structure for table `course_types`
--

CREATE TABLE `course_types` (
  `id` int(11) NOT NULL,
  `name` varchar(50) NOT NULL,
  `date_created` timestamp NOT NULL DEFAULT current_timestamp()
) ENGINE=InnoDB DEFAULT CHARSET=utf8mb4;

--
-- Dumping data for table `course_types`
--

INSERT INTO `course_types` (`id`, `name`, `date_created`) VALUES
(1, 'Tes Psikologi', '2022-06-28 11:16:15'),
(2, 'Tes Akademik', '2022-06-28 11:16:15');

-- --------------------------------------------------------

--
-- Table structure for table `detail_scores`
--

CREATE TABLE `detail_scores` (
  `id` int(11) NOT NULL,
  `score_id` int(11) NOT NULL,
  `course_type_id` int(11) NOT NULL,
  `course_sub_category_id` int(11) NOT NULL,
  `score` float NOT NULL,
  `date_created` timestamp NOT NULL DEFAULT current_timestamp()
) ENGINE=InnoDB DEFAULT CHARSET=utf8mb4;

--
-- Dumping data for table `detail_scores`
--

INSERT INTO `detail_scores` (`id`, `score_id`, `course_type_id`, `course_sub_category_id`, `score`, `date_created`) VALUES
(42, 38, 2, 15, 70, '2022-07-05 06:52:50'),
(43, 39, 2, 16, 85, '2022-07-05 06:53:16'),
(44, 40, 2, 17, 100, '2022-07-05 06:53:27'),
(49, 43, 1, 5, 0, '2022-07-05 08:17:39'),
(50, 43, 1, 6, 100, '2022-07-05 08:17:39'),
(51, 43, 1, 7, 100, '2022-07-05 08:17:39'),
(52, 43, 1, 4, 0, '2022-07-05 08:17:39'),
(53, 43, 1, 8, 100, '2022-07-05 08:17:39'),
(54, 43, 1, 9, 0, '2022-07-05 08:17:39'),
(55, 43, 1, 10, 0, '2022-07-05 08:17:39'),
(56, 43, 1, 11, 100, '2022-07-05 08:17:39'),
(59, 46, 2, 18, 66.6667, '2022-07-05 10:58:13'),
(60, 47, 1, 12, 0.4, '2022-07-05 11:17:48'),
(61, 47, 1, 13, 0, '2022-07-05 11:17:48'),
(62, 47, 1, 14, 55.6364, '2022-07-05 11:17:48'),
(72, 51, 1, 3, 0, '2022-07-07 05:34:50'),
(73, 51, 1, 2, 0, '2022-07-07 05:34:50'),
(74, 51, 1, 1, 0, '2022-07-07 05:34:50'),
(75, 52, 1, 1, 0, '2022-07-12 04:39:31'),
(84, 54, 1, 10, 0, '2022-07-14 10:27:13'),
(85, 54, 1, 5, 0, '2022-07-14 10:27:13'),
(86, 54, 1, 4, 0, '2022-07-14 10:27:13'),
(87, 54, 1, 6, 100, '2022-07-14 10:27:13'),
(88, 54, 1, 8, 0, '2022-07-14 10:27:13'),
(89, 54, 1, 9, 0, '2022-07-14 10:27:13'),
(90, 54, 1, 11, 0, '2022-07-14 10:27:13'),
(91, 54, 1, 7, 0, '2022-07-14 10:27:13'),
(92, 55, 1, 12, 0, '2022-07-14 13:31:56'),
(93, 55, 1, 13, 0, '2022-07-14 13:31:56'),
(94, 55, 1, 14, 60, '2022-07-14 13:31:56');

-- --------------------------------------------------------

--
-- Table structure for table `multiple_choice`
--

CREATE TABLE `multiple_choice` (
  `id` int(11) NOT NULL,
  `question_id` int(11) NOT NULL,
  `choice` varchar(1) NOT NULL,
  `title` varchar(100) DEFAULT '',
  `date_created` timestamp NOT NULL DEFAULT current_timestamp()
) ENGINE=InnoDB DEFAULT CHARSET=utf8mb4;

--
-- Dumping data for table `multiple_choice`
--

INSERT INTO `multiple_choice` (`id`, `question_id`, `choice`, `title`, `date_created`) VALUES
(11, 5, 'A', '', '2022-06-29 10:22:28'),
(12, 5, 'B', '', '2022-06-29 10:22:28'),
(13, 5, 'C', '', '2022-06-29 10:22:28'),
(14, 5, 'D', '', '2022-06-29 10:22:28'),
(15, 5, 'E', '', '2022-06-29 10:22:28'),
(16, 6, 'A', '1', '2022-06-29 10:22:28'),
(17, 6, 'B', '2', '2022-06-29 10:22:28'),
(18, 6, 'C', '3', '2022-06-29 10:22:28'),
(19, 6, 'D', '4', '2022-06-29 10:22:28'),
(20, 6, 'E', '5', '2022-06-29 10:22:28'),
(81, 19, 'A', '1', '2022-06-30 06:37:43'),
(82, 19, 'B', '2', '2022-06-30 06:37:43'),
(83, 19, 'C', '3', '2022-06-30 06:37:43'),
(84, 19, 'D', '4', '2022-06-30 06:37:43'),
(85, 19, 'E', '5', '2022-06-30 06:37:43'),
(86, 21, 'A', '1', '2022-06-30 07:41:02'),
(87, 21, 'B', '2', '2022-06-30 07:41:02'),
(88, 21, 'C', '3', '2022-06-30 07:41:02'),
(89, 21, 'D', '4', '2022-06-30 07:41:02'),
(90, 21, 'E', '5', '2022-06-30 07:41:02'),
(91, 22, 'A', '9', '2022-06-30 07:57:28'),
(92, 22, 'B', '8', '2022-06-30 07:57:28'),
(93, 22, 'C', '3', '2022-06-30 07:57:28'),
(94, 22, 'D', '4', '2022-06-30 07:57:28'),
(95, 22, 'E', '5', '2022-06-30 07:57:28'),
(96, 23, 'A', '5', '2022-06-30 07:59:42'),
(97, 23, 'B', '6', '2022-06-30 07:59:42'),
(98, 23, 'C', '2', '2022-06-30 07:59:42'),
(99, 23, 'D', '3', '2022-06-30 07:59:42'),
(100, 23, 'E', '7', '2022-06-30 07:59:42'),
(101, 24, 'A', '12', '2022-06-29 10:22:28'),
(102, 24, 'B', '13', '2022-06-29 10:22:28'),
(103, 24, 'C', '14', '2022-06-29 10:22:28'),
(104, 24, 'D', '15', '2022-06-29 10:22:28'),
(105, 24, 'E', '16', '2022-06-29 10:22:28'),
(106, 25, 'A', '1', '2022-06-29 10:22:28'),
(107, 25, 'B', '2', '2022-06-29 10:22:28'),
(108, 25, 'C', '3', '2022-06-29 10:22:28'),
(109, 25, 'D', '4', '2022-06-29 10:22:28'),
(110, 25, 'E', '5', '2022-06-29 10:22:28'),
(111, 26, 'A', '3', '2022-06-29 10:22:28'),
(112, 26, 'B', '2', '2022-06-29 10:22:28'),
(113, 26, 'C', '1', '2022-06-29 10:22:28'),
(114, 26, 'D', '0', '2022-06-29 10:22:28'),
(115, 26, 'E', '5', '2022-06-29 10:22:28'),
(116, 27, 'A', '12', '2022-06-29 10:22:28'),
(117, 27, 'B', '13', '2022-06-29 10:22:28'),
(118, 27, 'C', '14', '2022-06-29 10:22:28'),
(119, 27, 'D', '15', '2022-06-29 10:22:28'),
(120, 27, 'E', '16', '2022-06-29 10:22:28'),
(121, 28, 'A', '1', '2022-06-29 10:22:28'),
(122, 28, 'B', '2', '2022-06-29 10:22:28'),
(123, 28, 'C', '3', '2022-06-29 10:22:28'),
(124, 28, 'D', '4', '2022-06-29 10:22:28'),
(125, 28, 'E', '5', '2022-06-29 10:22:28'),
(126, 29, 'A', '3', '2022-06-29 10:22:28'),
(127, 29, 'B', '2', '2022-06-29 10:22:28'),
(128, 29, 'C', '1', '2022-06-29 10:22:28'),
(129, 29, 'D', '0', '2022-06-29 10:22:28'),
(130, 29, 'E', '5', '2022-06-29 10:22:28'),
(131, 33, 'A', '1', '2022-07-04 07:04:48'),
(132, 33, 'B', '2', '2022-07-04 07:04:48'),
(133, 33, 'C', '3', '2022-07-04 07:04:48'),
(134, 33, 'D', '4', '2022-07-04 07:04:48'),
(135, 33, 'E', '6', '2022-07-04 07:04:48'),
(136, 35, 'A', NULL, '2022-07-04 07:07:56'),
(137, 35, 'B', NULL, '2022-07-04 07:07:56'),
(138, 35, 'C', NULL, '2022-07-04 07:07:56'),
(139, 35, 'D', NULL, '2022-07-04 07:07:56'),
(140, 35, 'E', NULL, '2022-07-04 07:07:56'),
(141, 36, 'A', NULL, '2022-07-04 07:07:56'),
(142, 36, 'B', NULL, '2022-07-04 07:07:56'),
(143, 36, 'C', NULL, '2022-07-04 07:07:56'),
(144, 36, 'D', NULL, '2022-07-04 07:07:56'),
(145, 36, 'E', NULL, '2022-07-04 07:07:56'),
(146, 34, 'A', '3', '2022-07-04 07:08:26'),
(147, 34, 'B', '2', '2022-07-04 07:08:26'),
(148, 34, 'C', '1', '2022-07-04 07:08:26'),
(149, 34, 'D', '5', '2022-07-04 07:08:26'),
(150, 34, 'E', '8', '2022-07-04 07:08:26'),
(151, 37, 'A', NULL, '2022-07-04 07:08:26'),
(152, 37, 'B', NULL, '2022-07-04 07:08:26'),
(153, 37, 'C', NULL, '2022-07-04 07:08:26'),
(154, 37, 'D', NULL, '2022-07-04 07:08:26'),
(155, 37, 'E', NULL, '2022-07-04 07:08:26'),
(156, 38, 'A', NULL, '2022-07-04 07:08:26'),
(157, 38, 'B', NULL, '2022-07-04 07:08:26'),
(158, 38, 'C', NULL, '2022-07-04 07:08:26'),
(159, 38, 'D', NULL, '2022-07-04 07:08:26'),
(160, 38, 'E', NULL, '2022-07-04 07:08:26'),
(161, 32, 'A', '12', '2022-07-04 07:08:50'),
(162, 32, 'B', '13', '2022-07-04 07:08:50'),
(163, 32, 'C', '14', '2022-07-04 07:08:50'),
(164, 32, 'D', '17', '2022-07-04 07:08:50'),
(165, 32, 'E', '18', '2022-07-04 07:08:50'),
(166, 39, 'A', NULL, '2022-07-04 07:08:50'),
(167, 39, 'B', NULL, '2022-07-04 07:08:50'),
(168, 39, 'C', NULL, '2022-07-04 07:08:50'),
(169, 39, 'D', NULL, '2022-07-04 07:08:50'),
(170, 39, 'E', NULL, '2022-07-04 07:08:50'),
(171, 40, 'A', NULL, '2022-07-04 07:08:50'),
(172, 40, 'B', NULL, '2022-07-04 07:08:50'),
(173, 40, 'C', NULL, '2022-07-04 07:08:50'),
(174, 40, 'D', NULL, '2022-07-04 07:08:50'),
(175, 40, 'E', NULL, '2022-07-04 07:08:50'),
(176, 31, 'A', '5', '2022-07-04 07:18:57'),
(177, 31, 'B', '2', '2022-07-04 07:18:57'),
(178, 31, 'C', '6', '2022-07-04 07:18:57'),
(179, 31, 'D', '1', '2022-07-04 07:18:57'),
(180, 31, 'E', '3', '2022-07-04 07:18:57'),
(181, 41, 'A', NULL, '2022-07-04 07:18:57'),
(182, 41, 'B', NULL, '2022-07-04 07:18:57'),
(183, 41, 'C', NULL, '2022-07-04 07:18:57'),
(184, 41, 'D', NULL, '2022-07-04 07:18:57'),
(185, 41, 'E', NULL, '2022-07-04 07:18:57'),
(186, 42, 'A', NULL, '2022-07-04 07:18:58'),
(187, 42, 'B', NULL, '2022-07-04 07:18:58'),
(188, 42, 'C', NULL, '2022-07-04 07:18:58'),
(189, 42, 'D', NULL, '2022-07-04 07:18:58'),
(190, 42, 'E', NULL, '2022-07-04 07:18:58'),
(191, 43, 'A', '1', '2022-07-04 11:02:35'),
(192, 43, 'B', '2', '2022-07-04 11:02:35'),
(193, 43, 'C', '3', '2022-07-04 11:02:35'),
(194, 43, 'D', '4', '2022-07-04 11:02:35'),
(195, 43, 'E', '5', '2022-07-04 11:02:35'),
(196, 44, 'A', '3', '2022-07-04 11:02:35'),
(197, 44, 'B', '2', '2022-07-04 11:02:35'),
(198, 44, 'C', '5', '2022-07-04 11:02:35'),
(199, 44, 'D', '4', '2022-07-04 11:02:35'),
(200, 44, 'E', '1', '2022-07-04 11:02:35'),
(201, 45, 'A', '1', '2022-07-04 11:02:36'),
(202, 45, 'B', '2', '2022-07-04 11:02:36'),
(203, 45, 'C', '3', '2022-07-04 11:02:36'),
(204, 45, 'D', '4', '2022-07-04 11:02:36'),
(205, 45, 'E', '5', '2022-07-04 11:02:36'),
(206, 46, 'A', '1', '2022-07-04 11:02:36'),
(207, 46, 'B', '2', '2022-07-04 11:02:36'),
(208, 46, 'C', '3', '2022-07-04 11:02:36'),
(209, 46, 'D', '4', '2022-07-04 11:02:36'),
(210, 46, 'E', '5', '2022-07-04 11:02:36'),
(211, 47, 'A', '1', '2022-07-04 11:02:36'),
(212, 47, 'B', '2', '2022-07-04 11:02:36'),
(213, 47, 'C', '3', '2022-07-04 11:02:36'),
(214, 47, 'D', '4', '2022-07-04 11:02:36'),
(215, 47, 'E', '5', '2022-07-04 11:02:36'),
(1256, 30, 'A', '', '2022-07-08 13:53:27'),
(1257, 30, 'B', '', '2022-07-08 13:53:27'),
(1258, 30, 'C', '', '2022-07-08 13:53:27'),
(1259, 30, 'D', '', '2022-07-08 13:53:27'),
(1260, 30, 'E', '', '2022-07-08 13:53:27'),
(1261, 256, 'A', '', '2022-07-09 03:48:30'),
(1262, 256, 'B', '', '2022-07-09 03:48:30'),
(1263, 256, 'C', '', '2022-07-09 03:48:30'),
(1264, 256, 'D', '', '2022-07-09 03:48:30'),
(1265, 256, 'E', '', '2022-07-09 03:48:30'),
(1266, 257, 'A', '', '2022-07-09 03:48:30'),
(1267, 257, 'B', '', '2022-07-09 03:48:30'),
(1268, 257, 'C', '', '2022-07-09 03:48:30'),
(1269, 257, 'D', '', '2022-07-09 03:48:30'),
(1270, 257, 'E', '', '2022-07-09 03:48:30'),
(1271, 258, 'A', '', '2022-07-09 03:48:30'),
(1272, 258, 'B', '', '2022-07-09 03:48:30'),
(1273, 258, 'C', '', '2022-07-09 03:48:30'),
(1274, 258, 'D', '', '2022-07-09 03:48:30'),
(1275, 258, 'E', '', '2022-07-09 03:48:30'),
(1276, 259, 'A', '', '2022-07-09 03:48:30'),
(1277, 259, 'B', '', '2022-07-09 03:48:30'),
(1278, 259, 'C', '', '2022-07-09 03:48:30'),
(1279, 259, 'D', '', '2022-07-09 03:48:30'),
(1280, 259, 'E', '', '2022-07-09 03:48:30'),
(1281, 260, 'A', '', '2022-07-09 03:48:30'),
(1282, 260, 'B', '', '2022-07-09 03:48:30'),
(1283, 260, 'C', '', '2022-07-09 03:48:30'),
(1284, 260, 'D', '', '2022-07-09 03:48:30'),
(1285, 260, 'E', '', '2022-07-09 03:48:30'),
(1286, 261, 'A', '', '2022-07-09 03:48:30'),
(1287, 261, 'B', '', '2022-07-09 03:48:30'),
(1288, 261, 'C', '', '2022-07-09 03:48:30'),
(1289, 261, 'D', '', '2022-07-09 03:48:30'),
(1290, 261, 'E', '', '2022-07-09 03:48:30'),
(1291, 262, 'A', '', '2022-07-09 03:48:30'),
(1292, 262, 'B', '', '2022-07-09 03:48:30'),
(1293, 262, 'C', '', '2022-07-09 03:48:30'),
(1294, 262, 'D', '', '2022-07-09 03:48:30'),
(1295, 262, 'E', '', '2022-07-09 03:48:30'),
(1296, 263, 'A', '', '2022-07-09 03:48:30'),
(1297, 263, 'B', '', '2022-07-09 03:48:30'),
(1298, 263, 'C', '', '2022-07-09 03:48:30'),
(1299, 263, 'D', '', '2022-07-09 03:48:30'),
(1300, 263, 'E', '', '2022-07-09 03:48:30'),
(1301, 264, 'A', '', '2022-07-09 03:48:30'),
(1302, 264, 'B', '', '2022-07-09 03:48:30'),
(1303, 264, 'C', '', '2022-07-09 03:48:30'),
(1304, 264, 'D', '', '2022-07-09 03:48:30'),
(1305, 264, 'E', '', '2022-07-09 03:48:30'),
(1306, 265, 'A', '', '2022-07-09 03:48:30'),
(1307, 265, 'B', '', '2022-07-09 03:48:30'),
(1308, 265, 'C', '', '2022-07-09 03:48:30'),
(1309, 265, 'D', '', '2022-07-09 03:48:30'),
(1310, 265, 'E', '', '2022-07-09 03:48:30'),
(1311, 266, 'A', '', '2022-07-09 03:48:30'),
(1312, 266, 'B', '', '2022-07-09 03:48:30'),
(1313, 266, 'C', '', '2022-07-09 03:48:30'),
(1314, 266, 'D', '', '2022-07-09 03:48:30'),
(1315, 266, 'E', '', '2022-07-09 03:48:30'),
(1316, 267, 'A', '', '2022-07-09 03:48:30'),
(1317, 267, 'B', '', '2022-07-09 03:48:30'),
(1318, 267, 'C', '', '2022-07-09 03:48:30'),
(1319, 267, 'D', '', '2022-07-09 03:48:30'),
(1320, 267, 'E', '', '2022-07-09 03:48:30'),
(1321, 268, 'A', '', '2022-07-09 03:48:30'),
(1322, 268, 'B', '', '2022-07-09 03:48:30'),
(1323, 268, 'C', '', '2022-07-09 03:48:30'),
(1324, 268, 'D', '', '2022-07-09 03:48:30'),
(1325, 268, 'E', '', '2022-07-09 03:48:30'),
(1326, 269, 'A', '', '2022-07-09 03:48:30'),
(1327, 269, 'B', '', '2022-07-09 03:48:30'),
(1328, 269, 'C', '', '2022-07-09 03:48:30'),
(1329, 269, 'D', '', '2022-07-09 03:48:30'),
(1330, 269, 'E', '', '2022-07-09 03:48:30'),
(1331, 270, 'A', '', '2022-07-09 03:48:30'),
(1332, 270, 'B', '', '2022-07-09 03:48:30'),
(1333, 270, 'C', '', '2022-07-09 03:48:30'),
(1334, 270, 'D', '', '2022-07-09 03:48:30'),
(1335, 270, 'E', '', '2022-07-09 03:48:30'),
(1336, 271, 'A', '', '2022-07-09 03:48:30'),
(1337, 271, 'B', '', '2022-07-09 03:48:30'),
(1338, 271, 'C', '', '2022-07-09 03:48:30'),
(1339, 271, 'D', '', '2022-07-09 03:48:30'),
(1340, 271, 'E', '', '2022-07-09 03:48:30'),
(1341, 272, 'A', '', '2022-07-09 03:48:30'),
(1342, 272, 'B', '', '2022-07-09 03:48:30'),
(1343, 272, 'C', '', '2022-07-09 03:48:30'),
(1344, 272, 'D', '', '2022-07-09 03:48:30'),
(1345, 272, 'E', '', '2022-07-09 03:48:30'),
(1346, 273, 'A', '', '2022-07-09 03:48:30'),
(1347, 273, 'B', '', '2022-07-09 03:48:30'),
(1348, 273, 'C', '', '2022-07-09 03:48:30'),
(1349, 273, 'D', '', '2022-07-09 03:48:30'),
(1350, 273, 'E', '', '2022-07-09 03:48:30'),
(1351, 274, 'A', '', '2022-07-09 03:48:30'),
(1352, 274, 'B', '', '2022-07-09 03:48:30'),
(1353, 274, 'C', '', '2022-07-09 03:48:30'),
(1354, 274, 'D', '', '2022-07-09 03:48:30'),
(1355, 274, 'E', '', '2022-07-09 03:48:30'),
(1356, 275, 'A', '', '2022-07-09 03:48:30'),
(1357, 275, 'B', '', '2022-07-09 03:48:30'),
(1358, 275, 'C', '', '2022-07-09 03:48:30'),
(1359, 275, 'D', '', '2022-07-09 03:48:30'),
(1360, 275, 'E', '', '2022-07-09 03:48:30'),
(1361, 276, 'A', '', '2022-07-09 03:48:30'),
(1362, 276, 'B', '', '2022-07-09 03:48:30'),
(1363, 276, 'C', '', '2022-07-09 03:48:30'),
(1364, 276, 'D', '', '2022-07-09 03:48:30'),
(1365, 276, 'E', '', '2022-07-09 03:48:30'),
(1366, 277, 'A', '', '2022-07-09 03:48:30'),
(1367, 277, 'B', '', '2022-07-09 03:48:30'),
(1368, 277, 'C', '', '2022-07-09 03:48:30'),
(1369, 277, 'D', '', '2022-07-09 03:48:30'),
(1370, 277, 'E', '', '2022-07-09 03:48:30'),
(1371, 278, 'A', '', '2022-07-09 03:48:30'),
(1372, 278, 'B', '', '2022-07-09 03:48:30'),
(1373, 278, 'C', '', '2022-07-09 03:48:30'),
(1374, 278, 'D', '', '2022-07-09 03:48:30'),
(1375, 278, 'E', '', '2022-07-09 03:48:30'),
(1376, 279, 'A', '', '2022-07-09 03:48:30'),
(1377, 279, 'B', '', '2022-07-09 03:48:30'),
(1378, 279, 'C', '', '2022-07-09 03:48:30'),
(1379, 279, 'D', '', '2022-07-09 03:48:30'),
(1380, 279, 'E', '', '2022-07-09 03:48:30'),
(1381, 280, 'A', '', '2022-07-09 03:48:30'),
(1382, 280, 'B', '', '2022-07-09 03:48:30'),
(1383, 280, 'C', '', '2022-07-09 03:48:30'),
(1384, 280, 'D', '', '2022-07-09 03:48:30'),
(1385, 280, 'E', '', '2022-07-09 03:48:30'),
(1386, 281, 'A', '', '2022-07-09 03:48:30'),
(1387, 281, 'B', '', '2022-07-09 03:48:30'),
(1388, 281, 'C', '', '2022-07-09 03:48:30'),
(1389, 281, 'D', '', '2022-07-09 03:48:30'),
(1390, 281, 'E', '', '2022-07-09 03:48:30'),
(1391, 282, 'A', '', '2022-07-09 03:48:31'),
(1392, 282, 'B', '', '2022-07-09 03:48:31'),
(1393, 282, 'C', '', '2022-07-09 03:48:31'),
(1394, 282, 'D', '', '2022-07-09 03:48:31'),
(1395, 282, 'E', '', '2022-07-09 03:48:31'),
(1396, 283, 'A', '', '2022-07-09 03:48:58'),
(1397, 283, 'B', '', '2022-07-09 03:48:58'),
(1398, 283, 'C', '', '2022-07-09 03:48:58'),
(1399, 283, 'D', '', '2022-07-09 03:48:58'),
(1400, 283, 'E', '', '2022-07-09 03:48:58'),
(1401, 284, 'A', '', '2022-07-09 03:48:58'),
(1402, 284, 'B', '', '2022-07-09 03:48:58'),
(1403, 284, 'C', '', '2022-07-09 03:48:58'),
(1404, 284, 'D', '', '2022-07-09 03:48:58'),
(1405, 284, 'E', '', '2022-07-09 03:48:58'),
(1406, 285, 'A', '', '2022-07-09 03:48:58'),
(1407, 285, 'B', '', '2022-07-09 03:48:58'),
(1408, 285, 'C', '', '2022-07-09 03:48:58'),
(1409, 285, 'D', '', '2022-07-09 03:48:58'),
(1410, 285, 'E', '', '2022-07-09 03:48:58'),
(1411, 286, 'A', '', '2022-07-09 03:48:58'),
(1412, 286, 'B', '', '2022-07-09 03:48:58'),
(1413, 286, 'C', '', '2022-07-09 03:48:58'),
(1414, 286, 'D', '', '2022-07-09 03:48:58'),
(1415, 286, 'E', '', '2022-07-09 03:48:58'),
(1416, 287, 'A', '', '2022-07-09 03:48:58'),
(1417, 287, 'B', '', '2022-07-09 03:48:58'),
(1418, 287, 'C', '', '2022-07-09 03:48:58'),
(1419, 287, 'D', '', '2022-07-09 03:48:58'),
(1420, 287, 'E', '', '2022-07-09 03:48:58'),
(1421, 288, 'A', '', '2022-07-09 03:48:58'),
(1422, 288, 'B', '', '2022-07-09 03:48:58'),
(1423, 288, 'C', '', '2022-07-09 03:48:58'),
(1424, 288, 'D', '', '2022-07-09 03:48:58'),
(1425, 288, 'E', '', '2022-07-09 03:48:58'),
(1426, 289, 'A', '', '2022-07-09 03:48:58'),
(1427, 289, 'B', '', '2022-07-09 03:48:58'),
(1428, 289, 'C', '', '2022-07-09 03:48:58'),
(1429, 289, 'D', '', '2022-07-09 03:48:58'),
(1430, 289, 'E', '', '2022-07-09 03:48:58'),
(1431, 290, 'A', '', '2022-07-09 03:48:58'),
(1432, 290, 'B', '', '2022-07-09 03:48:58'),
(1433, 290, 'C', '', '2022-07-09 03:48:58'),
(1434, 290, 'D', '', '2022-07-09 03:48:58'),
(1435, 290, 'E', '', '2022-07-09 03:48:58'),
(1436, 291, 'A', '', '2022-07-09 03:48:58'),
(1437, 291, 'B', '', '2022-07-09 03:48:58'),
(1438, 291, 'C', '', '2022-07-09 03:48:58'),
(1439, 291, 'D', '', '2022-07-09 03:48:58'),
(1440, 291, 'E', '', '2022-07-09 03:48:58'),
(1441, 292, 'A', '', '2022-07-09 03:48:59'),
(1442, 292, 'B', '', '2022-07-09 03:48:59'),
(1443, 292, 'C', '', '2022-07-09 03:48:59'),
(1444, 292, 'D', '', '2022-07-09 03:48:59'),
(1445, 292, 'E', '', '2022-07-09 03:48:59'),
(1446, 293, 'A', '', '2022-07-09 03:48:59'),
(1447, 293, 'B', '', '2022-07-09 03:48:59'),
(1448, 293, 'C', '', '2022-07-09 03:48:59'),
(1449, 293, 'D', '', '2022-07-09 03:48:59'),
(1450, 293, 'E', '', '2022-07-09 03:48:59'),
(1451, 294, 'A', '', '2022-07-09 03:48:59'),
(1452, 294, 'B', '', '2022-07-09 03:48:59'),
(1453, 294, 'C', '', '2022-07-09 03:48:59'),
(1454, 294, 'D', '', '2022-07-09 03:48:59'),
(1455, 294, 'E', '', '2022-07-09 03:48:59'),
(1456, 295, 'A', '', '2022-07-09 03:48:59'),
(1457, 295, 'B', '', '2022-07-09 03:48:59'),
(1458, 295, 'C', '', '2022-07-09 03:48:59'),
(1459, 295, 'D', '', '2022-07-09 03:48:59'),
(1460, 295, 'E', '', '2022-07-09 03:48:59'),
(1461, 296, 'A', '', '2022-07-09 03:48:59'),
(1462, 296, 'B', '', '2022-07-09 03:48:59'),
(1463, 296, 'C', '', '2022-07-09 03:48:59'),
(1464, 296, 'D', '', '2022-07-09 03:48:59'),
(1465, 296, 'E', '', '2022-07-09 03:48:59'),
(1466, 297, 'A', '', '2022-07-09 03:48:59'),
(1467, 297, 'B', '', '2022-07-09 03:48:59'),
(1468, 297, 'C', '', '2022-07-09 03:48:59'),
(1469, 297, 'D', '', '2022-07-09 03:48:59'),
(1470, 297, 'E', '', '2022-07-09 03:48:59'),
(1471, 298, 'A', '', '2022-07-09 03:48:59'),
(1472, 298, 'B', '', '2022-07-09 03:48:59'),
(1473, 298, 'C', '', '2022-07-09 03:48:59'),
(1474, 298, 'D', '', '2022-07-09 03:48:59'),
(1475, 298, 'E', '', '2022-07-09 03:48:59'),
(1476, 299, 'A', '', '2022-07-09 03:48:59'),
(1477, 299, 'B', '', '2022-07-09 03:48:59'),
(1478, 299, 'C', '', '2022-07-09 03:48:59'),
(1479, 299, 'D', '', '2022-07-09 03:48:59'),
(1480, 299, 'E', '', '2022-07-09 03:48:59'),
(1481, 300, 'A', '', '2022-07-09 03:48:59'),
(1482, 300, 'B', '', '2022-07-09 03:48:59'),
(1483, 300, 'C', '', '2022-07-09 03:48:59'),
(1484, 300, 'D', '', '2022-07-09 03:48:59'),
(1485, 300, 'E', '', '2022-07-09 03:48:59'),
(1486, 301, 'A', '', '2022-07-09 03:48:59'),
(1487, 301, 'B', '', '2022-07-09 03:48:59'),
(1488, 301, 'C', '', '2022-07-09 03:48:59'),
(1489, 301, 'D', '', '2022-07-09 03:48:59'),
(1490, 301, 'E', '', '2022-07-09 03:48:59'),
(1491, 302, 'A', '', '2022-07-09 03:49:00'),
(1492, 302, 'B', '', '2022-07-09 03:49:00'),
(1493, 302, 'C', '', '2022-07-09 03:49:00'),
(1494, 302, 'D', '', '2022-07-09 03:49:00'),
(1495, 302, 'E', '', '2022-07-09 03:49:00'),
(1496, 303, 'A', '', '2022-07-09 03:49:00'),
(1497, 303, 'B', '', '2022-07-09 03:49:00'),
(1498, 303, 'C', '', '2022-07-09 03:49:00'),
(1499, 303, 'D', '', '2022-07-09 03:49:00'),
(1500, 303, 'E', '', '2022-07-09 03:49:00'),
(1501, 304, 'A', '', '2022-07-09 03:49:00'),
(1502, 304, 'B', '', '2022-07-09 03:49:00'),
(1503, 304, 'C', '', '2022-07-09 03:49:00'),
(1504, 304, 'D', '', '2022-07-09 03:49:00'),
(1505, 304, 'E', '', '2022-07-09 03:49:00'),
(1506, 305, 'A', '', '2022-07-09 03:49:00'),
(1507, 305, 'B', '', '2022-07-09 03:49:00'),
(1508, 305, 'C', '', '2022-07-09 03:49:00'),
(1509, 305, 'D', '', '2022-07-09 03:49:00'),
(1510, 305, 'E', '', '2022-07-09 03:49:00'),
(1511, 306, 'A', '', '2022-07-09 03:49:00'),
(1512, 306, 'B', '', '2022-07-09 03:49:00'),
(1513, 306, 'C', '', '2022-07-09 03:49:00'),
(1514, 306, 'D', '', '2022-07-09 03:49:00'),
(1515, 306, 'E', '', '2022-07-09 03:49:00'),
(1516, 307, 'A', '', '2022-07-09 03:49:00'),
(1517, 307, 'B', '', '2022-07-09 03:49:00'),
(1518, 307, 'C', '', '2022-07-09 03:49:00'),
(1519, 307, 'D', '', '2022-07-09 03:49:00'),
(1520, 307, 'E', '', '2022-07-09 03:49:00'),
(1521, 308, 'A', '', '2022-07-09 03:49:00'),
(1522, 308, 'B', '', '2022-07-09 03:49:00'),
(1523, 308, 'C', '', '2022-07-09 03:49:00'),
(1524, 308, 'D', '', '2022-07-09 03:49:00'),
(1525, 308, 'E', '', '2022-07-09 03:49:00'),
(1526, 309, 'A', '', '2022-07-09 03:49:00'),
(1527, 309, 'B', '', '2022-07-09 03:49:00'),
(1528, 309, 'C', '', '2022-07-09 03:49:00'),
(1529, 309, 'D', '', '2022-07-09 03:49:00'),
(1530, 309, 'E', '', '2022-07-09 03:49:00'),
(1531, 310, 'A', '', '2022-07-09 03:49:00'),
(1532, 310, 'B', '', '2022-07-09 03:49:00'),
(1533, 310, 'C', '', '2022-07-09 03:49:00'),
(1534, 310, 'D', '', '2022-07-09 03:49:00'),
(1535, 310, 'E', '', '2022-07-09 03:49:00'),
(1536, 311, 'A', '', '2022-07-09 03:49:00'),
(1537, 311, 'B', '', '2022-07-09 03:49:00'),
(1538, 311, 'C', '', '2022-07-09 03:49:00'),
(1539, 311, 'D', '', '2022-07-09 03:49:00'),
(1540, 311, 'E', '', '2022-07-09 03:49:00'),
(1541, 312, 'A', '', '2022-07-09 03:49:00'),
(1542, 312, 'B', '', '2022-07-09 03:49:00'),
(1543, 312, 'C', '', '2022-07-09 03:49:00'),
(1544, 312, 'D', '', '2022-07-09 03:49:00'),
(1545, 312, 'E', '', '2022-07-09 03:49:00'),
(1546, 313, 'A', '', '2022-07-09 03:49:00'),
(1547, 313, 'B', '', '2022-07-09 03:49:00'),
(1548, 313, 'C', '', '2022-07-09 03:49:00'),
(1549, 313, 'D', '', '2022-07-09 03:49:00'),
(1550, 313, 'E', '', '2022-07-09 03:49:00'),
(1551, 314, 'A', '', '2022-07-09 03:49:00'),
(1552, 314, 'B', '', '2022-07-09 03:49:00'),
(1553, 314, 'C', '', '2022-07-09 03:49:00'),
(1554, 314, 'D', '', '2022-07-09 03:49:00'),
(1555, 314, 'E', '', '2022-07-09 03:49:00'),
(1556, 315, 'A', '', '2022-07-09 03:49:00'),
(1557, 315, 'B', '', '2022-07-09 03:49:00'),
(1558, 315, 'C', '', '2022-07-09 03:49:00'),
(1559, 315, 'D', '', '2022-07-09 03:49:00'),
(1560, 315, 'E', '', '2022-07-09 03:49:00'),
(1561, 316, 'A', '', '2022-07-09 03:49:00'),
(1562, 316, 'B', '', '2022-07-09 03:49:00'),
(1563, 316, 'C', '', '2022-07-09 03:49:00'),
(1564, 316, 'D', '', '2022-07-09 03:49:00'),
(1565, 316, 'E', '', '2022-07-09 03:49:00'),
(1566, 317, 'A', '', '2022-07-09 03:49:00'),
(1567, 317, 'B', '', '2022-07-09 03:49:00'),
(1568, 317, 'C', '', '2022-07-09 03:49:00'),
(1569, 317, 'D', '', '2022-07-09 03:49:00'),
(1570, 317, 'E', '', '2022-07-09 03:49:00'),
(1571, 318, 'A', '', '2022-07-09 03:49:00'),
(1572, 318, 'B', '', '2022-07-09 03:49:00'),
(1573, 318, 'C', '', '2022-07-09 03:49:00'),
(1574, 318, 'D', '', '2022-07-09 03:49:00'),
(1575, 318, 'E', '', '2022-07-09 03:49:00'),
(1576, 319, 'A', '', '2022-07-09 03:49:00'),
(1577, 319, 'B', '', '2022-07-09 03:49:00'),
(1578, 319, 'C', '', '2022-07-09 03:49:00'),
(1579, 319, 'D', '', '2022-07-09 03:49:00'),
(1580, 319, 'E', '', '2022-07-09 03:49:00'),
(1581, 320, 'A', '', '2022-07-09 03:49:01'),
(1582, 320, 'B', '', '2022-07-09 03:49:01'),
(1583, 320, 'C', '', '2022-07-09 03:49:01'),
(1584, 320, 'D', '', '2022-07-09 03:49:01'),
(1585, 320, 'E', '', '2022-07-09 03:49:01'),
(1586, 321, 'A', '', '2022-07-09 03:49:01'),
(1587, 321, 'B', '', '2022-07-09 03:49:01'),
(1588, 321, 'C', '', '2022-07-09 03:49:01'),
(1589, 321, 'D', '', '2022-07-09 03:49:01'),
(1590, 321, 'E', '', '2022-07-09 03:49:01'),
(1591, 322, 'A', '', '2022-07-09 03:49:01'),
(1592, 322, 'B', '', '2022-07-09 03:49:01'),
(1593, 322, 'C', '', '2022-07-09 03:49:01'),
(1594, 322, 'D', '', '2022-07-09 03:49:01'),
(1595, 322, 'E', '', '2022-07-09 03:49:01'),
(1596, 323, 'A', '', '2022-07-09 03:49:01'),
(1597, 323, 'B', '', '2022-07-09 03:49:01'),
(1598, 323, 'C', '', '2022-07-09 03:49:01'),
(1599, 323, 'D', '', '2022-07-09 03:49:01'),
(1600, 323, 'E', '', '2022-07-09 03:49:01'),
(1601, 324, 'A', '', '2022-07-09 03:49:01'),
(1602, 324, 'B', '', '2022-07-09 03:49:01'),
(1603, 324, 'C', '', '2022-07-09 03:49:01'),
(1604, 324, 'D', '', '2022-07-09 03:49:01'),
(1605, 324, 'E', '', '2022-07-09 03:49:01'),
(1606, 325, 'A', '', '2022-07-09 03:49:01'),
(1607, 325, 'B', '', '2022-07-09 03:49:01'),
(1608, 325, 'C', '', '2022-07-09 03:49:01'),
(1609, 325, 'D', '', '2022-07-09 03:49:01'),
(1610, 325, 'E', '', '2022-07-09 03:49:01'),
(1611, 326, 'A', '', '2022-07-09 03:49:01'),
(1612, 326, 'B', '', '2022-07-09 03:49:01'),
(1613, 326, 'C', '', '2022-07-09 03:49:01'),
(1614, 326, 'D', '', '2022-07-09 03:49:01'),
(1615, 326, 'E', '', '2022-07-09 03:49:01'),
(1616, 327, 'A', '', '2022-07-09 03:49:01'),
(1617, 327, 'B', '', '2022-07-09 03:49:01'),
(1618, 327, 'C', '', '2022-07-09 03:49:01'),
(1619, 327, 'D', '', '2022-07-09 03:49:01'),
(1620, 327, 'E', '', '2022-07-09 03:49:01'),
(1621, 328, 'A', '', '2022-07-09 03:49:01'),
(1622, 328, 'B', '', '2022-07-09 03:49:01'),
(1623, 328, 'C', '', '2022-07-09 03:49:01'),
(1624, 328, 'D', '', '2022-07-09 03:49:01'),
(1625, 328, 'E', '', '2022-07-09 03:49:01'),
(1626, 329, 'A', '', '2022-07-09 03:49:01'),
(1627, 329, 'B', '', '2022-07-09 03:49:01'),
(1628, 329, 'C', '', '2022-07-09 03:49:01'),
(1629, 329, 'D', '', '2022-07-09 03:49:01'),
(1630, 329, 'E', '', '2022-07-09 03:49:01'),
(1631, 330, 'A', '', '2022-07-09 03:49:01'),
(1632, 330, 'B', '', '2022-07-09 03:49:01'),
(1633, 330, 'C', '', '2022-07-09 03:49:01'),
(1634, 330, 'D', '', '2022-07-09 03:49:01'),
(1635, 330, 'E', '', '2022-07-09 03:49:01'),
(1636, 331, 'A', '', '2022-07-09 03:49:01'),
(1637, 331, 'B', '', '2022-07-09 03:49:01'),
(1638, 331, 'C', '', '2022-07-09 03:49:01'),
(1639, 331, 'D', '', '2022-07-09 03:49:01'),
(1640, 331, 'E', '', '2022-07-09 03:49:01'),
(1641, 332, 'A', '', '2022-07-09 03:49:01'),
(1642, 332, 'B', '', '2022-07-09 03:49:01'),
(1643, 332, 'C', '', '2022-07-09 03:49:01'),
(1644, 332, 'D', '', '2022-07-09 03:49:01'),
(1645, 332, 'E', '', '2022-07-09 03:49:01'),
(1646, 333, 'A', '', '2022-07-09 03:49:01'),
(1647, 333, 'B', '', '2022-07-09 03:49:01'),
(1648, 333, 'C', '', '2022-07-09 03:49:01'),
(1649, 333, 'D', '', '2022-07-09 03:49:01'),
(1650, 333, 'E', '', '2022-07-09 03:49:01'),
(1651, 334, 'A', '', '2022-07-09 03:49:01'),
(1652, 334, 'B', '', '2022-07-09 03:49:01'),
(1653, 334, 'C', '', '2022-07-09 03:49:01'),
(1654, 334, 'D', '', '2022-07-09 03:49:01'),
(1655, 334, 'E', '', '2022-07-09 03:49:01'),
(1656, 335, 'A', '', '2022-07-09 03:49:01'),
(1657, 335, 'B', '', '2022-07-09 03:49:01'),
(1658, 335, 'C', '', '2022-07-09 03:49:01'),
(1659, 335, 'D', '', '2022-07-09 03:49:01'),
(1660, 335, 'E', '', '2022-07-09 03:49:01'),
(1661, 336, 'A', '', '2022-07-09 03:49:01'),
(1662, 336, 'B', '', '2022-07-09 03:49:01'),
(1663, 336, 'C', '', '2022-07-09 03:49:01'),
(1664, 336, 'D', '', '2022-07-09 03:49:01'),
(1665, 336, 'E', '', '2022-07-09 03:49:01'),
(1666, 337, 'A', '', '2022-07-09 03:49:01'),
(1667, 337, 'B', '', '2022-07-09 03:49:01'),
(1668, 337, 'C', '', '2022-07-09 03:49:01'),
(1669, 337, 'D', '', '2022-07-09 03:49:01'),
(1670, 337, 'E', '', '2022-07-09 03:49:01'),
(1671, 338, 'A', '', '2022-07-09 03:49:01'),
(1672, 338, 'B', '', '2022-07-09 03:49:01'),
(1673, 338, 'C', '', '2022-07-09 03:49:01'),
(1674, 338, 'D', '', '2022-07-09 03:49:01'),
(1675, 338, 'E', '', '2022-07-09 03:49:01'),
(1676, 339, 'A', '', '2022-07-09 03:49:01'),
(1677, 339, 'B', '', '2022-07-09 03:49:01'),
(1678, 339, 'C', '', '2022-07-09 03:49:01'),
(1679, 339, 'D', '', '2022-07-09 03:49:01'),
(1680, 339, 'E', '', '2022-07-09 03:49:01'),
(1681, 340, 'A', '', '2022-07-09 03:49:01'),
(1682, 340, 'B', '', '2022-07-09 03:49:01'),
(1683, 340, 'C', '', '2022-07-09 03:49:01'),
(1684, 340, 'D', '', '2022-07-09 03:49:01'),
(1685, 340, 'E', '', '2022-07-09 03:49:01'),
(1686, 341, 'A', '', '2022-07-09 03:49:01'),
(1687, 341, 'B', '', '2022-07-09 03:49:01'),
(1688, 341, 'C', '', '2022-07-09 03:49:01'),
(1689, 341, 'D', '', '2022-07-09 03:49:01'),
(1690, 341, 'E', '', '2022-07-09 03:49:01'),
(1691, 342, 'A', '', '2022-07-09 03:49:01'),
(1692, 342, 'B', '', '2022-07-09 03:49:01'),
(1693, 342, 'C', '', '2022-07-09 03:49:01'),
(1694, 342, 'D', '', '2022-07-09 03:49:01'),
(1695, 342, 'E', '', '2022-07-09 03:49:01'),
(1696, 343, 'A', '', '2022-07-09 03:49:01'),
(1697, 343, 'B', '', '2022-07-09 03:49:01'),
(1698, 343, 'C', '', '2022-07-09 03:49:01'),
(1699, 343, 'D', '', '2022-07-09 03:49:01'),
(1700, 343, 'E', '', '2022-07-09 03:49:01'),
(1701, 344, 'A', '', '2022-07-09 03:49:02'),
(1702, 344, 'B', '', '2022-07-09 03:49:02'),
(1703, 344, 'C', '', '2022-07-09 03:49:02'),
(1704, 344, 'D', '', '2022-07-09 03:49:02'),
(1705, 344, 'E', '', '2022-07-09 03:49:02'),
(1706, 345, 'A', '', '2022-07-09 03:49:02'),
(1707, 345, 'B', '', '2022-07-09 03:49:02'),
(1708, 345, 'C', '', '2022-07-09 03:49:02'),
(1709, 345, 'D', '', '2022-07-09 03:49:02'),
(1710, 345, 'E', '', '2022-07-09 03:49:02'),
(1711, 346, 'A', '', '2022-07-09 03:49:02'),
(1712, 346, 'B', '', '2022-07-09 03:49:02'),
(1713, 346, 'C', '', '2022-07-09 03:49:02'),
(1714, 346, 'D', '', '2022-07-09 03:49:02'),
(1715, 346, 'E', '', '2022-07-09 03:49:02'),
(1716, 347, 'A', '', '2022-07-09 03:49:02'),
(1717, 347, 'B', '', '2022-07-09 03:49:02'),
(1718, 347, 'C', '', '2022-07-09 03:49:02'),
(1719, 347, 'D', '', '2022-07-09 03:49:02'),
(1720, 347, 'E', '', '2022-07-09 03:49:02'),
(1721, 348, 'A', '', '2022-07-09 03:49:02'),
(1722, 348, 'B', '', '2022-07-09 03:49:02'),
(1723, 348, 'C', '', '2022-07-09 03:49:02'),
(1724, 348, 'D', '', '2022-07-09 03:49:02'),
(1725, 348, 'E', '', '2022-07-09 03:49:02'),
(1726, 349, 'A', '', '2022-07-09 03:49:02'),
(1727, 349, 'B', '', '2022-07-09 03:49:02'),
(1728, 349, 'C', '', '2022-07-09 03:49:02'),
(1729, 349, 'D', '', '2022-07-09 03:49:02'),
(1730, 349, 'E', '', '2022-07-09 03:49:02'),
(1731, 350, 'A', '', '2022-07-09 03:49:02'),
(1732, 350, 'B', '', '2022-07-09 03:49:02'),
(1733, 350, 'C', '', '2022-07-09 03:49:02'),
(1734, 350, 'D', '', '2022-07-09 03:49:02'),
(1735, 350, 'E', '', '2022-07-09 03:49:02'),
(1736, 351, 'A', '', '2022-07-09 03:49:02'),
(1737, 351, 'B', '', '2022-07-09 03:49:02'),
(1738, 351, 'C', '', '2022-07-09 03:49:02'),
(1739, 351, 'D', '', '2022-07-09 03:49:02'),
(1740, 351, 'E', '', '2022-07-09 03:49:02'),
(1741, 352, 'A', '', '2022-07-09 03:49:02'),
(1742, 352, 'B', '', '2022-07-09 03:49:02'),
(1743, 352, 'C', '', '2022-07-09 03:49:02'),
(1744, 352, 'D', '', '2022-07-09 03:49:02'),
(1745, 352, 'E', '', '2022-07-09 03:49:02'),
(1746, 353, 'A', '', '2022-07-09 03:49:02'),
(1747, 353, 'B', '', '2022-07-09 03:49:02'),
(1748, 353, 'C', '', '2022-07-09 03:49:02'),
(1749, 353, 'D', '', '2022-07-09 03:49:02'),
(1750, 353, 'E', '', '2022-07-09 03:49:02'),
(1751, 354, 'A', '', '2022-07-09 03:49:02'),
(1752, 354, 'B', '', '2022-07-09 03:49:02'),
(1753, 354, 'C', '', '2022-07-09 03:49:02'),
(1754, 354, 'D', '', '2022-07-09 03:49:02'),
(1755, 354, 'E', '', '2022-07-09 03:49:02'),
(1756, 355, 'A', '', '2022-07-09 03:49:02'),
(1757, 355, 'B', '', '2022-07-09 03:49:02'),
(1758, 355, 'C', '', '2022-07-09 03:49:02'),
(1759, 355, 'D', '', '2022-07-09 03:49:02'),
(1760, 355, 'E', '', '2022-07-09 03:49:02'),
(1761, 356, 'A', '', '2022-07-09 03:49:02'),
(1762, 356, 'B', '', '2022-07-09 03:49:02'),
(1763, 356, 'C', '', '2022-07-09 03:49:02'),
(1764, 356, 'D', '', '2022-07-09 03:49:02'),
(1765, 356, 'E', '', '2022-07-09 03:49:02'),
(1766, 357, 'A', '', '2022-07-09 03:49:02'),
(1767, 357, 'B', '', '2022-07-09 03:49:02'),
(1768, 357, 'C', '', '2022-07-09 03:49:02'),
(1769, 357, 'D', '', '2022-07-09 03:49:02'),
(1770, 357, 'E', '', '2022-07-09 03:49:02'),
(1771, 358, 'A', '', '2022-07-09 03:49:02'),
(1772, 358, 'B', '', '2022-07-09 03:49:02'),
(1773, 358, 'C', '', '2022-07-09 03:49:02'),
(1774, 358, 'D', '', '2022-07-09 03:49:02'),
(1775, 358, 'E', '', '2022-07-09 03:49:02'),
(1776, 359, 'A', '', '2022-07-09 03:49:02'),
(1777, 359, 'B', '', '2022-07-09 03:49:02'),
(1778, 359, 'C', '', '2022-07-09 03:49:02'),
(1779, 359, 'D', '', '2022-07-09 03:49:02'),
(1780, 359, 'E', '', '2022-07-09 03:49:02'),
(1781, 360, 'A', '', '2022-07-09 03:49:02'),
(1782, 360, 'B', '', '2022-07-09 03:49:02'),
(1783, 360, 'C', '', '2022-07-09 03:49:02'),
(1784, 360, 'D', '', '2022-07-09 03:49:02'),
(1785, 360, 'E', '', '2022-07-09 03:49:02'),
(1786, 361, 'A', '', '2022-07-09 03:49:02'),
(1787, 361, 'B', '', '2022-07-09 03:49:02'),
(1788, 361, 'C', '', '2022-07-09 03:49:02'),
(1789, 361, 'D', '', '2022-07-09 03:49:02'),
(1790, 361, 'E', '', '2022-07-09 03:49:02'),
(1791, 362, 'A', '', '2022-07-09 03:49:02'),
(1792, 362, 'B', '', '2022-07-09 03:49:02'),
(1793, 362, 'C', '', '2022-07-09 03:49:02'),
(1794, 362, 'D', '', '2022-07-09 03:49:02'),
(1795, 362, 'E', '', '2022-07-09 03:49:02'),
(1796, 363, 'A', '', '2022-07-09 03:49:02'),
(1797, 363, 'B', '', '2022-07-09 03:49:02'),
(1798, 363, 'C', '', '2022-07-09 03:49:02'),
(1799, 363, 'D', '', '2022-07-09 03:49:02'),
(1800, 363, 'E', '', '2022-07-09 03:49:02'),
(1801, 364, 'A', '', '2022-07-09 03:49:02'),
(1802, 364, 'B', '', '2022-07-09 03:49:02'),
(1803, 364, 'C', '', '2022-07-09 03:49:02'),
(1804, 364, 'D', '', '2022-07-09 03:49:02'),
(1805, 364, 'E', '', '2022-07-09 03:49:02'),
(1806, 365, 'A', '', '2022-07-09 03:49:02'),
(1807, 365, 'B', '', '2022-07-09 03:49:02'),
(1808, 365, 'C', '', '2022-07-09 03:49:02'),
(1809, 365, 'D', '', '2022-07-09 03:49:02'),
(1810, 365, 'E', '', '2022-07-09 03:49:02'),
(1811, 366, 'A', '', '2022-07-09 03:49:02'),
(1812, 366, 'B', '', '2022-07-09 03:49:02'),
(1813, 366, 'C', '', '2022-07-09 03:49:02'),
(1814, 366, 'D', '', '2022-07-09 03:49:02'),
(1815, 366, 'E', '', '2022-07-09 03:49:02'),
(1816, 367, 'A', '', '2022-07-09 03:49:02'),
(1817, 367, 'B', '', '2022-07-09 03:49:02'),
(1818, 367, 'C', '', '2022-07-09 03:49:02'),
(1819, 367, 'D', '', '2022-07-09 03:49:02'),
(1820, 367, 'E', '', '2022-07-09 03:49:02'),
(1821, 368, 'A', '', '2022-07-09 03:49:03'),
(1822, 368, 'B', '', '2022-07-09 03:49:03'),
(1823, 368, 'C', '', '2022-07-09 03:49:03'),
(1824, 368, 'D', '', '2022-07-09 03:49:03'),
(1825, 368, 'E', '', '2022-07-09 03:49:03'),
(1826, 369, 'A', '', '2022-07-09 03:49:03'),
(1827, 369, 'B', '', '2022-07-09 03:49:03'),
(1828, 369, 'C', '', '2022-07-09 03:49:03'),
(1829, 369, 'D', '', '2022-07-09 03:49:03'),
(1830, 369, 'E', '', '2022-07-09 03:49:03'),
(1831, 370, 'A', 'a', '2022-07-12 02:18:09'),
(1832, 370, 'B', 'a', '2022-07-12 02:18:09'),
(1833, 370, 'C', 'a', '2022-07-12 02:18:09'),
(1834, 370, 'D', 'a', '2022-07-12 02:18:09'),
(1835, 370, 'E', 'a', '2022-07-12 02:18:09'),
(1836, 371, 'A', '', '2022-07-12 02:18:09'),
(1837, 371, 'B', '', '2022-07-12 02:18:09'),
(1838, 371, 'C', '', '2022-07-12 02:18:09'),
(1839, 371, 'D', '', '2022-07-12 02:18:09'),
(1840, 371, 'E', '', '2022-07-12 02:18:09'),
(1841, 372, 'A', '', '2022-07-12 02:18:09'),
(1842, 372, 'B', '', '2022-07-12 02:18:09'),
(1843, 372, 'C', '', '2022-07-12 02:18:09'),
(1844, 372, 'D', '', '2022-07-12 02:18:09'),
(1845, 372, 'E', '', '2022-07-12 02:18:09'),
(1846, 373, 'A', '', '2022-07-12 02:18:09'),
(1847, 373, 'B', '', '2022-07-12 02:18:09'),
(1848, 373, 'C', '', '2022-07-12 02:18:09'),
(1849, 373, 'D', '', '2022-07-12 02:18:09'),
(1850, 373, 'E', '', '2022-07-12 02:18:09'),
(1851, 374, 'A', '', '2022-07-12 02:18:09'),
(1852, 374, 'B', '', '2022-07-12 02:18:09'),
(1853, 374, 'C', '', '2022-07-12 02:18:09'),
(1854, 374, 'D', '', '2022-07-12 02:18:09'),
(1855, 374, 'E', '', '2022-07-12 02:18:09'),
(1856, 375, 'A', '', '2022-07-12 02:18:09'),
(1857, 375, 'B', '', '2022-07-12 02:18:09'),
(1858, 375, 'C', '', '2022-07-12 02:18:09'),
(1859, 375, 'D', '', '2022-07-12 02:18:09'),
(1860, 375, 'E', '', '2022-07-12 02:18:09'),
(1861, 376, 'A', '', '2022-07-12 02:18:09'),
(1862, 376, 'B', '', '2022-07-12 02:18:09'),
(1863, 376, 'C', '', '2022-07-12 02:18:09'),
(1864, 376, 'D', '', '2022-07-12 02:18:09'),
(1865, 376, 'E', '', '2022-07-12 02:18:09'),
(1866, 377, 'A', '', '2022-07-12 02:18:09'),
(1867, 377, 'B', '', '2022-07-12 02:18:09'),
(1868, 377, 'C', '', '2022-07-12 02:18:09'),
(1869, 377, 'D', '', '2022-07-12 02:18:09'),
(1870, 377, 'E', '', '2022-07-12 02:18:09'),
(1871, 378, 'A', '', '2022-07-12 02:18:09'),
(1872, 378, 'B', '', '2022-07-12 02:18:09'),
(1873, 378, 'C', '', '2022-07-12 02:18:09'),
(1874, 378, 'D', '', '2022-07-12 02:18:09'),
(1875, 378, 'E', '', '2022-07-12 02:18:09'),
(1876, 379, 'A', '', '2022-07-12 02:18:09'),
(1877, 379, 'B', '', '2022-07-12 02:18:09'),
(1878, 379, 'C', '', '2022-07-12 02:18:09'),
(1879, 379, 'D', '', '2022-07-12 02:18:09'),
(1880, 379, 'E', '', '2022-07-12 02:18:09'),
(1881, 380, 'A', '', '2022-07-12 02:18:09'),
(1882, 380, 'B', '', '2022-07-12 02:18:09'),
(1883, 380, 'C', '', '2022-07-12 02:18:09'),
(1884, 380, 'D', '', '2022-07-12 02:18:09'),
(1885, 380, 'E', '', '2022-07-12 02:18:09'),
(1886, 381, 'A', '', '2022-07-12 02:18:10'),
(1887, 381, 'B', '', '2022-07-12 02:18:10'),
(1888, 381, 'C', '', '2022-07-12 02:18:10'),
(1889, 381, 'D', '', '2022-07-12 02:18:10'),
(1890, 381, 'E', '', '2022-07-12 02:18:10'),
(1891, 382, 'A', '', '2022-07-12 02:18:10'),
(1892, 382, 'B', '', '2022-07-12 02:18:10'),
(1893, 382, 'C', '', '2022-07-12 02:18:10'),
(1894, 382, 'D', '', '2022-07-12 02:18:10'),
(1895, 382, 'E', '', '2022-07-12 02:18:10'),
(1896, 383, 'A', '', '2022-07-12 02:18:10'),
(1897, 383, 'B', '', '2022-07-12 02:18:10'),
(1898, 383, 'C', '', '2022-07-12 02:18:10'),
(1899, 383, 'D', '', '2022-07-12 02:18:10'),
(1900, 383, 'E', '', '2022-07-12 02:18:10'),
(1901, 384, 'A', '', '2022-07-12 02:18:10'),
(1902, 384, 'B', '', '2022-07-12 02:18:10'),
(1903, 384, 'C', '', '2022-07-12 02:18:10'),
(1904, 384, 'D', '', '2022-07-12 02:18:10'),
(1905, 384, 'E', '', '2022-07-12 02:18:10'),
(1906, 385, 'A', '', '2022-07-12 02:18:10'),
(1907, 385, 'B', '', '2022-07-12 02:18:10'),
(1908, 385, 'C', '', '2022-07-12 02:18:10'),
(1909, 385, 'D', '', '2022-07-12 02:18:10'),
(1910, 385, 'E', '', '2022-07-12 02:18:10'),
(1911, 386, 'A', '', '2022-07-12 02:18:10'),
(1912, 386, 'B', '', '2022-07-12 02:18:10'),
(1913, 386, 'C', '', '2022-07-12 02:18:10'),
(1914, 386, 'D', '', '2022-07-12 02:18:10'),
(1915, 386, 'E', '', '2022-07-12 02:18:10'),
(1916, 387, 'A', '', '2022-07-12 02:18:10'),
(1917, 387, 'B', '', '2022-07-12 02:18:10'),
(1918, 387, 'C', '', '2022-07-12 02:18:10'),
(1919, 387, 'D', '', '2022-07-12 02:18:10'),
(1920, 387, 'E', '', '2022-07-12 02:18:10'),
(1921, 388, 'A', '', '2022-07-12 02:18:10'),
(1922, 388, 'B', '', '2022-07-12 02:18:10'),
(1923, 388, 'C', '', '2022-07-12 02:18:10'),
(1924, 388, 'D', '', '2022-07-12 02:18:10'),
(1925, 388, 'E', '', '2022-07-12 02:18:10'),
(1926, 389, 'A', '', '2022-07-12 02:18:10'),
(1927, 389, 'B', '', '2022-07-12 02:18:10'),
(1928, 389, 'C', '', '2022-07-12 02:18:10'),
(1929, 389, 'D', '', '2022-07-12 02:18:10'),
(1930, 389, 'E', '', '2022-07-12 02:18:10'),
(1931, 390, 'A', '', '2022-07-12 02:18:10'),
(1932, 390, 'B', '', '2022-07-12 02:18:10'),
(1933, 390, 'C', '', '2022-07-12 02:18:10'),
(1934, 390, 'D', '', '2022-07-12 02:18:10'),
(1935, 390, 'E', '', '2022-07-12 02:18:10'),
(1936, 391, 'A', '', '2022-07-12 02:18:10'),
(1937, 391, 'B', '', '2022-07-12 02:18:10'),
(1938, 391, 'C', '', '2022-07-12 02:18:10'),
(1939, 391, 'D', '', '2022-07-12 02:18:10'),
(1940, 391, 'E', '', '2022-07-12 02:18:10'),
(1941, 392, 'A', '', '2022-07-12 02:18:10'),
(1942, 392, 'B', '', '2022-07-12 02:18:10'),
(1943, 392, 'C', '', '2022-07-12 02:18:10'),
(1944, 392, 'D', '', '2022-07-12 02:18:10'),
(1945, 392, 'E', '', '2022-07-12 02:18:10'),
(1946, 393, 'A', '', '2022-07-12 02:18:10'),
(1947, 393, 'B', '', '2022-07-12 02:18:10'),
(1948, 393, 'C', '', '2022-07-12 02:18:10'),
(1949, 393, 'D', '', '2022-07-12 02:18:10'),
(1950, 393, 'E', '', '2022-07-12 02:18:10'),
(1951, 394, 'A', '', '2022-07-12 02:18:10'),
(1952, 394, 'B', '', '2022-07-12 02:18:10'),
(1953, 394, 'C', '', '2022-07-12 02:18:10'),
(1954, 394, 'D', '', '2022-07-12 02:18:10'),
(1955, 394, 'E', '', '2022-07-12 02:18:10'),
(1956, 395, 'A', '', '2022-07-12 02:18:10'),
(1957, 395, 'B', '', '2022-07-12 02:18:10'),
(1958, 395, 'C', '', '2022-07-12 02:18:10'),
(1959, 395, 'D', '', '2022-07-12 02:18:10'),
(1960, 395, 'E', '', '2022-07-12 02:18:10'),
(1961, 396, 'A', '', '2022-07-12 02:18:10'),
(1962, 396, 'B', '', '2022-07-12 02:18:10'),
(1963, 396, 'C', '', '2022-07-12 02:18:10'),
(1964, 396, 'D', '', '2022-07-12 02:18:10'),
(1965, 396, 'E', '', '2022-07-12 02:18:10'),
(1966, 397, 'A', '', '2022-07-12 02:18:10'),
(1967, 397, 'B', '', '2022-07-12 02:18:10'),
(1968, 397, 'C', '', '2022-07-12 02:18:10'),
(1969, 397, 'D', '', '2022-07-12 02:18:10'),
(1970, 397, 'E', '', '2022-07-12 02:18:10'),
(1971, 398, 'A', '', '2022-07-12 02:18:10'),
(1972, 398, 'B', '', '2022-07-12 02:18:10'),
(1973, 398, 'C', '', '2022-07-12 02:18:10'),
(1974, 398, 'D', '', '2022-07-12 02:18:10'),
(1975, 398, 'E', '', '2022-07-12 02:18:10'),
(1976, 399, 'A', '', '2022-07-12 02:18:10'),
(1977, 399, 'B', '', '2022-07-12 02:18:10'),
(1978, 399, 'C', '', '2022-07-12 02:18:10'),
(1979, 399, 'D', '', '2022-07-12 02:18:10'),
(1980, 399, 'E', '', '2022-07-12 02:18:10'),
(1981, 400, 'A', '', '2022-07-12 02:18:10'),
(1982, 400, 'B', '', '2022-07-12 02:18:10'),
(1983, 400, 'C', '', '2022-07-12 02:18:10'),
(1984, 400, 'D', '', '2022-07-12 02:18:10'),
(1985, 400, 'E', '', '2022-07-12 02:18:10'),
(1986, 401, 'A', '', '2022-07-12 02:18:10'),
(1987, 401, 'B', '', '2022-07-12 02:18:10'),
(1988, 401, 'C', '', '2022-07-12 02:18:10'),
(1989, 401, 'D', '', '2022-07-12 02:18:10'),
(1990, 401, 'E', '', '2022-07-12 02:18:10'),
(1991, 402, 'A', '', '2022-07-12 02:18:10'),
(1992, 402, 'B', '', '2022-07-12 02:18:10'),
(1993, 402, 'C', '', '2022-07-12 02:18:10'),
(1994, 402, 'D', '', '2022-07-12 02:18:10'),
(1995, 402, 'E', '', '2022-07-12 02:18:10'),
(1996, 403, 'A', '', '2022-07-12 02:18:10'),
(1997, 403, 'B', '', '2022-07-12 02:18:10'),
(1998, 403, 'C', '', '2022-07-12 02:18:10'),
(1999, 403, 'D', '', '2022-07-12 02:18:10'),
(2000, 403, 'E', '', '2022-07-12 02:18:10'),
(2001, 404, 'A', '', '2022-07-12 02:18:10'),
(2002, 404, 'B', '', '2022-07-12 02:18:10'),
(2003, 404, 'C', '', '2022-07-12 02:18:10'),
(2004, 404, 'D', '', '2022-07-12 02:18:10'),
(2005, 404, 'E', '', '2022-07-12 02:18:10'),
(2006, 405, 'A', '', '2022-07-12 02:18:10'),
(2007, 405, 'B', '', '2022-07-12 02:18:10'),
(2008, 405, 'C', '', '2022-07-12 02:18:10'),
(2009, 405, 'D', '', '2022-07-12 02:18:10'),
(2010, 405, 'E', '', '2022-07-12 02:18:10'),
(2011, 406, 'A', '', '2022-07-12 02:18:10'),
(2012, 406, 'B', '', '2022-07-12 02:18:10'),
(2013, 406, 'C', '', '2022-07-12 02:18:10'),
(2014, 406, 'D', '', '2022-07-12 02:18:10'),
(2015, 406, 'E', '', '2022-07-12 02:18:10'),
(2016, 407, 'A', '', '2022-07-12 02:18:10'),
(2017, 407, 'B', '', '2022-07-12 02:18:10'),
(2018, 407, 'C', '', '2022-07-12 02:18:10'),
(2019, 407, 'D', '', '2022-07-12 02:18:10'),
(2020, 407, 'E', '', '2022-07-12 02:18:10'),
(2021, 408, 'A', '', '2022-07-12 02:18:10'),
(2022, 408, 'B', '', '2022-07-12 02:18:10'),
(2023, 408, 'C', '', '2022-07-12 02:18:10'),
(2024, 408, 'D', '', '2022-07-12 02:18:10'),
(2025, 408, 'E', '', '2022-07-12 02:18:10'),
(2026, 409, 'A', '', '2022-07-12 02:18:10'),
(2027, 409, 'B', '', '2022-07-12 02:18:10'),
(2028, 409, 'C', '', '2022-07-12 02:18:10'),
(2029, 409, 'D', '', '2022-07-12 02:18:10'),
(2030, 409, 'E', '', '2022-07-12 02:18:10'),
(2031, 410, 'A', '', '2022-07-12 02:18:10'),
(2032, 410, 'B', '', '2022-07-12 02:18:10'),
(2033, 410, 'C', '', '2022-07-12 02:18:10'),
(2034, 410, 'D', '', '2022-07-12 02:18:10'),
(2035, 410, 'E', '', '2022-07-12 02:18:10'),
(2036, 411, 'A', '', '2022-07-12 02:18:10'),
(2037, 411, 'B', '', '2022-07-12 02:18:10'),
(2038, 411, 'C', '', '2022-07-12 02:18:10'),
(2039, 411, 'D', '', '2022-07-12 02:18:10'),
(2040, 411, 'E', '', '2022-07-12 02:18:10'),
(2041, 412, 'A', '', '2022-07-12 02:18:10'),
(2042, 412, 'B', '', '2022-07-12 02:18:10'),
(2043, 412, 'C', '', '2022-07-12 02:18:10'),
(2044, 412, 'D', '', '2022-07-12 02:18:10'),
(2045, 412, 'E', '', '2022-07-12 02:18:10'),
(2046, 413, 'A', '', '2022-07-12 02:18:10'),
(2047, 413, 'B', '', '2022-07-12 02:18:10'),
(2048, 413, 'C', '', '2022-07-12 02:18:10'),
(2049, 413, 'D', '', '2022-07-12 02:18:10'),
(2050, 413, 'E', '', '2022-07-12 02:18:10'),
(2051, 414, 'A', '', '2022-07-12 02:18:10'),
(2052, 414, 'B', '', '2022-07-12 02:18:10'),
(2053, 414, 'C', '', '2022-07-12 02:18:10'),
(2054, 414, 'D', '', '2022-07-12 02:18:10'),
(2055, 414, 'E', '', '2022-07-12 02:18:10'),
(2056, 415, 'A', '', '2022-07-12 02:18:10'),
(2057, 415, 'B', '', '2022-07-12 02:18:10'),
(2058, 415, 'C', '', '2022-07-12 02:18:10'),
(2059, 415, 'D', '', '2022-07-12 02:18:10'),
(2060, 415, 'E', '', '2022-07-12 02:18:10'),
(2061, 416, 'A', '', '2022-07-12 02:18:10'),
(2062, 416, 'B', '', '2022-07-12 02:18:10'),
(2063, 416, 'C', '', '2022-07-12 02:18:10'),
(2064, 416, 'D', '', '2022-07-12 02:18:10'),
(2065, 416, 'E', '', '2022-07-12 02:18:10'),
(2066, 417, 'A', '', '2022-07-12 02:18:10'),
(2067, 417, 'B', '', '2022-07-12 02:18:10'),
(2068, 417, 'C', '', '2022-07-12 02:18:10'),
(2069, 417, 'D', '', '2022-07-12 02:18:10'),
(2070, 417, 'E', '', '2022-07-12 02:18:10'),
(2071, 418, 'A', '', '2022-07-12 02:18:10'),
(2072, 418, 'B', '', '2022-07-12 02:18:10'),
(2073, 418, 'C', '', '2022-07-12 02:18:10'),
(2074, 418, 'D', '', '2022-07-12 02:18:10'),
(2075, 418, 'E', '', '2022-07-12 02:18:10'),
(2076, 419, 'A', '', '2022-07-12 02:18:10'),
(2077, 419, 'B', '', '2022-07-12 02:18:10'),
(2078, 419, 'C', '', '2022-07-12 02:18:10'),
(2079, 419, 'D', '', '2022-07-12 02:18:10'),
(2080, 419, 'E', '', '2022-07-12 02:18:10'),
(2081, 420, 'A', '', '2022-07-12 02:18:11'),
(2082, 420, 'B', '', '2022-07-12 02:18:11'),
(2083, 420, 'C', '', '2022-07-12 02:18:11'),
(2084, 420, 'D', '', '2022-07-12 02:18:11'),
(2085, 420, 'E', '', '2022-07-12 02:18:11'),
(2086, 421, 'A', '', '2022-07-12 02:18:11'),
(2087, 421, 'B', '', '2022-07-12 02:18:11'),
(2088, 421, 'C', '', '2022-07-12 02:18:11'),
(2089, 421, 'D', '', '2022-07-12 02:18:11'),
(2090, 421, 'E', '', '2022-07-12 02:18:11'),
(2091, 422, 'A', '', '2022-07-12 02:18:11'),
(2092, 422, 'B', '', '2022-07-12 02:18:11'),
(2093, 422, 'C', '', '2022-07-12 02:18:11'),
(2094, 422, 'D', '', '2022-07-12 02:18:11'),
(2095, 422, 'E', '', '2022-07-12 02:18:11'),
(2096, 423, 'A', '', '2022-07-12 02:18:11'),
(2097, 423, 'B', '', '2022-07-12 02:18:11'),
(2098, 423, 'C', '', '2022-07-12 02:18:11'),
(2099, 423, 'D', '', '2022-07-12 02:18:11'),
(2100, 423, 'E', '', '2022-07-12 02:18:11'),
(2101, 424, 'A', '', '2022-07-12 02:18:11'),
(2102, 424, 'B', '', '2022-07-12 02:18:11'),
(2103, 424, 'C', '', '2022-07-12 02:18:11'),
(2104, 424, 'D', '', '2022-07-12 02:18:11'),
(2105, 424, 'E', '', '2022-07-12 02:18:11'),
(2106, 425, 'A', '', '2022-07-12 02:18:11'),
(2107, 425, 'B', '', '2022-07-12 02:18:11'),
(2108, 425, 'C', '', '2022-07-12 02:18:11'),
(2109, 425, 'D', '', '2022-07-12 02:18:11'),
(2110, 425, 'E', '', '2022-07-12 02:18:11'),
(2111, 426, 'A', '', '2022-07-12 02:18:11'),
(2112, 426, 'B', '', '2022-07-12 02:18:11'),
(2113, 426, 'C', '', '2022-07-12 02:18:11'),
(2114, 426, 'D', '', '2022-07-12 02:18:11'),
(2115, 426, 'E', '', '2022-07-12 02:18:11'),
(2116, 427, 'A', '', '2022-07-12 02:18:11'),
(2117, 427, 'B', '', '2022-07-12 02:18:11'),
(2118, 427, 'C', '', '2022-07-12 02:18:11'),
(2119, 427, 'D', '', '2022-07-12 02:18:11'),
(2120, 427, 'E', '', '2022-07-12 02:18:11'),
(2121, 428, 'A', '', '2022-07-12 02:18:11'),
(2122, 428, 'B', '', '2022-07-12 02:18:11'),
(2123, 428, 'C', '', '2022-07-12 02:18:11'),
(2124, 428, 'D', '', '2022-07-12 02:18:11'),
(2125, 428, 'E', '', '2022-07-12 02:18:11'),
(2126, 429, 'A', '', '2022-07-12 02:18:11'),
(2127, 429, 'B', '', '2022-07-12 02:18:11'),
(2128, 429, 'C', '', '2022-07-12 02:18:11'),
(2129, 429, 'D', '', '2022-07-12 02:18:11'),
(2130, 429, 'E', '', '2022-07-12 02:18:11'),
(2131, 430, 'A', '', '2022-07-12 02:18:11'),
(2132, 430, 'B', '', '2022-07-12 02:18:11'),
(2133, 430, 'C', '', '2022-07-12 02:18:11'),
(2134, 430, 'D', '', '2022-07-12 02:18:11'),
(2135, 430, 'E', '', '2022-07-12 02:18:11'),
(2136, 431, 'A', '', '2022-07-12 02:18:11'),
(2137, 431, 'B', '', '2022-07-12 02:18:11'),
(2138, 431, 'C', '', '2022-07-12 02:18:11'),
(2139, 431, 'D', '', '2022-07-12 02:18:11'),
(2140, 431, 'E', '', '2022-07-12 02:18:11'),
(2141, 432, 'A', '', '2022-07-12 02:18:11'),
(2142, 432, 'B', '', '2022-07-12 02:18:11'),
(2143, 432, 'C', '', '2022-07-12 02:18:11'),
(2144, 432, 'D', '', '2022-07-12 02:18:11'),
(2145, 432, 'E', '', '2022-07-12 02:18:11'),
(2146, 433, 'A', '', '2022-07-12 02:18:11'),
(2147, 433, 'B', '', '2022-07-12 02:18:11'),
(2148, 433, 'C', '', '2022-07-12 02:18:11'),
(2149, 433, 'D', '', '2022-07-12 02:18:11'),
(2150, 433, 'E', '', '2022-07-12 02:18:11'),
(2151, 434, 'A', '', '2022-07-12 02:18:11'),
(2152, 434, 'B', '', '2022-07-12 02:18:11'),
(2153, 434, 'C', '', '2022-07-12 02:18:11'),
(2154, 434, 'D', '', '2022-07-12 02:18:11'),
(2155, 434, 'E', '', '2022-07-12 02:18:11'),
(2156, 435, 'A', '', '2022-07-12 02:18:11'),
(2157, 435, 'B', '', '2022-07-12 02:18:11'),
(2158, 435, 'C', '', '2022-07-12 02:18:11'),
(2159, 435, 'D', '', '2022-07-12 02:18:11'),
(2160, 435, 'E', '', '2022-07-12 02:18:11'),
(2161, 436, 'A', '', '2022-07-12 02:18:11'),
(2162, 436, 'B', '', '2022-07-12 02:18:11'),
(2163, 436, 'C', '', '2022-07-12 02:18:11'),
(2164, 436, 'D', '', '2022-07-12 02:18:11'),
(2165, 436, 'E', '', '2022-07-12 02:18:11'),
(2166, 437, 'A', '', '2022-07-12 02:18:11'),
(2167, 437, 'B', '', '2022-07-12 02:18:11'),
(2168, 437, 'C', '', '2022-07-12 02:18:11'),
(2169, 437, 'D', '', '2022-07-12 02:18:11'),
(2170, 437, 'E', '', '2022-07-12 02:18:11'),
(2171, 438, 'A', '', '2022-07-12 02:18:11'),
(2172, 438, 'B', '', '2022-07-12 02:18:11'),
(2173, 438, 'C', '', '2022-07-12 02:18:11'),
(2174, 438, 'D', '', '2022-07-12 02:18:11'),
(2175, 438, 'E', '', '2022-07-12 02:18:11'),
(2176, 439, 'A', '', '2022-07-12 02:18:11'),
(2177, 439, 'B', '', '2022-07-12 02:18:11'),
(2178, 439, 'C', '', '2022-07-12 02:18:11'),
(2179, 439, 'D', '', '2022-07-12 02:18:11'),
(2180, 439, 'E', '', '2022-07-12 02:18:11'),
(2181, 440, 'A', '', '2022-07-12 02:18:11'),
(2182, 440, 'B', '', '2022-07-12 02:18:11'),
(2183, 440, 'C', '', '2022-07-12 02:18:11'),
(2184, 440, 'D', '', '2022-07-12 02:18:11'),
(2185, 440, 'E', '', '2022-07-12 02:18:11'),
(2186, 441, 'A', '', '2022-07-12 02:18:11'),
(2187, 441, 'B', '', '2022-07-12 02:18:11'),
(2188, 441, 'C', '', '2022-07-12 02:18:11'),
(2189, 441, 'D', '', '2022-07-12 02:18:11'),
(2190, 441, 'E', '', '2022-07-12 02:18:11'),
(2191, 442, 'A', '', '2022-07-12 02:18:11'),
(2192, 442, 'B', '', '2022-07-12 02:18:11'),
(2193, 442, 'C', '', '2022-07-12 02:18:11'),
(2194, 442, 'D', '', '2022-07-12 02:18:11'),
(2195, 442, 'E', '', '2022-07-12 02:18:11'),
(2196, 443, 'A', '', '2022-07-12 02:18:11'),
(2197, 443, 'B', '', '2022-07-12 02:18:11'),
(2198, 443, 'C', '', '2022-07-12 02:18:11'),
(2199, 443, 'D', '', '2022-07-12 02:18:11'),
(2200, 443, 'E', '', '2022-07-12 02:18:11'),
(2201, 444, 'A', '', '2022-07-12 02:18:11'),
(2202, 444, 'B', '', '2022-07-12 02:18:11'),
(2203, 444, 'C', '', '2022-07-12 02:18:11'),
(2204, 444, 'D', '', '2022-07-12 02:18:11'),
(2205, 444, 'E', '', '2022-07-12 02:18:11'),
(2206, 445, 'A', '', '2022-07-12 02:18:11'),
(2207, 445, 'B', '', '2022-07-12 02:18:11'),
(2208, 445, 'C', '', '2022-07-12 02:18:11'),
(2209, 445, 'D', '', '2022-07-12 02:18:11'),
(2210, 445, 'E', '', '2022-07-12 02:18:11'),
(2211, 446, 'A', '', '2022-07-12 02:18:11'),
(2212, 446, 'B', '', '2022-07-12 02:18:11'),
(2213, 446, 'C', '', '2022-07-12 02:18:11'),
(2214, 446, 'D', '', '2022-07-12 02:18:11'),
(2215, 446, 'E', '', '2022-07-12 02:18:11'),
(2216, 447, 'A', '', '2022-07-12 02:18:11'),
(2217, 447, 'B', '', '2022-07-12 02:18:11'),
(2218, 447, 'C', '', '2022-07-12 02:18:11'),
(2219, 447, 'D', '', '2022-07-12 02:18:11'),
(2220, 447, 'E', '', '2022-07-12 02:18:11'),
(2221, 448, 'A', '', '2022-07-12 02:18:12'),
(2222, 448, 'B', '', '2022-07-12 02:18:12'),
(2223, 448, 'C', '', '2022-07-12 02:18:12'),
(2224, 448, 'D', '', '2022-07-12 02:18:12'),
(2225, 448, 'E', '', '2022-07-12 02:18:12'),
(2226, 449, 'A', '', '2022-07-12 02:18:12'),
(2227, 449, 'B', '', '2022-07-12 02:18:12'),
(2228, 449, 'C', '', '2022-07-12 02:18:12'),
(2229, 449, 'D', '', '2022-07-12 02:18:12'),
(2230, 449, 'E', '', '2022-07-12 02:18:12'),
(2231, 450, 'A', '', '2022-07-12 02:18:12'),
(2232, 450, 'B', '', '2022-07-12 02:18:12'),
(2233, 450, 'C', '', '2022-07-12 02:18:12'),
(2234, 450, 'D', '', '2022-07-12 02:18:12'),
(2235, 450, 'E', '', '2022-07-12 02:18:12'),
(2236, 451, 'A', '', '2022-07-12 02:18:12'),
(2237, 451, 'B', '', '2022-07-12 02:18:12'),
(2238, 451, 'C', '', '2022-07-12 02:18:12'),
(2239, 451, 'D', '', '2022-07-12 02:18:12'),
(2240, 451, 'E', '', '2022-07-12 02:18:12'),
(2241, 452, 'A', '', '2022-07-12 02:18:12'),
(2242, 452, 'B', '', '2022-07-12 02:18:12'),
(2243, 452, 'C', '', '2022-07-12 02:18:12'),
(2244, 452, 'D', '', '2022-07-12 02:18:12'),
(2245, 452, 'E', '', '2022-07-12 02:18:12'),
(2246, 453, 'A', '', '2022-07-12 02:18:12'),
(2247, 453, 'B', '', '2022-07-12 02:18:12'),
(2248, 453, 'C', '', '2022-07-12 02:18:12'),
(2249, 453, 'D', '', '2022-07-12 02:18:12'),
(2250, 453, 'E', '', '2022-07-12 02:18:12'),
(2251, 454, 'A', '', '2022-07-12 02:18:12'),
(2252, 454, 'B', '', '2022-07-12 02:18:12'),
(2253, 454, 'C', '', '2022-07-12 02:18:12'),
(2254, 454, 'D', '', '2022-07-12 02:18:12'),
(2255, 454, 'E', '', '2022-07-12 02:18:12'),
(2256, 455, 'A', '', '2022-07-12 02:18:12'),
(2257, 455, 'B', '', '2022-07-12 02:18:12'),
(2258, 455, 'C', '', '2022-07-12 02:18:12'),
(2259, 455, 'D', '', '2022-07-12 02:18:12'),
(2260, 455, 'E', '', '2022-07-12 02:18:12'),
(2261, 456, 'A', '', '2022-07-12 02:18:12'),
(2262, 456, 'B', '', '2022-07-12 02:18:12'),
(2263, 456, 'C', '', '2022-07-12 02:18:12'),
(2264, 456, 'D', '', '2022-07-12 02:18:12'),
(2265, 456, 'E', '', '2022-07-12 02:18:12'),
(2266, 457, 'A', '', '2022-07-12 02:18:12'),
(2267, 457, 'B', '', '2022-07-12 02:18:12'),
(2268, 457, 'C', '', '2022-07-12 02:18:12'),
(2269, 457, 'D', '', '2022-07-12 02:18:12'),
(2270, 457, 'E', '', '2022-07-12 02:18:12'),
(2271, 458, 'A', '', '2022-07-12 02:18:12'),
(2272, 458, 'B', '', '2022-07-12 02:18:12'),
(2273, 458, 'C', '', '2022-07-12 02:18:12');
INSERT INTO `multiple_choice` (`id`, `question_id`, `choice`, `title`, `date_created`) VALUES
(2274, 458, 'D', '', '2022-07-12 02:18:12'),
(2275, 458, 'E', '', '2022-07-12 02:18:12'),
(2276, 459, 'A', '', '2022-07-12 02:18:12'),
(2277, 459, 'B', '', '2022-07-12 02:18:12'),
(2278, 459, 'C', '', '2022-07-12 02:18:12'),
(2279, 459, 'D', '', '2022-07-12 02:18:12'),
(2280, 459, 'E', '', '2022-07-12 02:18:12'),
(2281, 460, 'A', '1', '2022-07-12 05:07:07'),
(2282, 460, 'B', '2', '2022-07-12 05:07:07'),
(2283, 460, 'C', '3', '2022-07-12 05:07:07'),
(2284, 460, 'D', '4', '2022-07-12 05:07:07'),
(2285, 460, 'E', '5', '2022-07-12 05:07:07'),
(2286, 461, 'A', '', '2022-07-12 05:07:07'),
(2287, 461, 'B', '', '2022-07-12 05:07:07'),
(2288, 461, 'C', '', '2022-07-12 05:07:07'),
(2289, 461, 'D', '', '2022-07-12 05:07:07'),
(2290, 461, 'E', '', '2022-07-12 05:07:07'),
(2291, 462, 'A', '', '2022-07-12 05:07:07'),
(2292, 462, 'B', '', '2022-07-12 05:07:07'),
(2293, 462, 'C', '', '2022-07-12 05:07:07'),
(2294, 462, 'D', '', '2022-07-12 05:07:07'),
(2295, 462, 'E', '', '2022-07-12 05:07:07'),
(2296, 463, 'A', '', '2022-07-12 05:07:07'),
(2297, 463, 'B', '', '2022-07-12 05:07:07'),
(2298, 463, 'C', '', '2022-07-12 05:07:07'),
(2299, 463, 'D', '', '2022-07-12 05:07:07'),
(2300, 463, 'E', '', '2022-07-12 05:07:07'),
(2301, 464, 'A', '', '2022-07-12 05:07:07'),
(2302, 464, 'B', '', '2022-07-12 05:07:07'),
(2303, 464, 'C', '', '2022-07-12 05:07:07'),
(2304, 464, 'D', '', '2022-07-12 05:07:07'),
(2305, 464, 'E', '', '2022-07-12 05:07:07'),
(2306, 465, 'A', '', '2022-07-12 05:07:07'),
(2307, 465, 'B', '', '2022-07-12 05:07:07'),
(2308, 465, 'C', '', '2022-07-12 05:07:07'),
(2309, 465, 'D', '', '2022-07-12 05:07:07'),
(2310, 465, 'E', '', '2022-07-12 05:07:07'),
(2311, 466, 'A', '', '2022-07-12 05:07:07'),
(2312, 466, 'B', '', '2022-07-12 05:07:07'),
(2313, 466, 'C', '', '2022-07-12 05:07:07'),
(2314, 466, 'D', '', '2022-07-12 05:07:07'),
(2315, 466, 'E', '', '2022-07-12 05:07:07'),
(2316, 467, 'A', '', '2022-07-12 05:07:07'),
(2317, 467, 'B', '', '2022-07-12 05:07:07'),
(2318, 467, 'C', '', '2022-07-12 05:07:07'),
(2319, 467, 'D', '', '2022-07-12 05:07:07'),
(2320, 467, 'E', '', '2022-07-12 05:07:07'),
(2321, 468, 'A', '', '2022-07-12 05:07:07'),
(2322, 468, 'B', '', '2022-07-12 05:07:07'),
(2323, 468, 'C', '', '2022-07-12 05:07:07'),
(2324, 468, 'D', '', '2022-07-12 05:07:07'),
(2325, 468, 'E', '', '2022-07-12 05:07:07'),
(2326, 469, 'A', '', '2022-07-12 05:07:07'),
(2327, 469, 'B', '', '2022-07-12 05:07:07'),
(2328, 469, 'C', '', '2022-07-12 05:07:07'),
(2329, 469, 'D', '', '2022-07-12 05:07:07'),
(2330, 469, 'E', '', '2022-07-12 05:07:07'),
(2331, 470, 'A', '', '2022-07-14 10:12:38'),
(2332, 470, 'B', '', '2022-07-14 10:12:38'),
(2333, 470, 'C', '', '2022-07-14 10:12:38'),
(2334, 470, 'D', '', '2022-07-14 10:12:38'),
(2335, 470, 'E', '', '2022-07-14 10:12:38');

-- --------------------------------------------------------

--
-- Table structure for table `questions`
--

CREATE TABLE `questions` (
  `id` int(11) NOT NULL,
  `course_sub_category_id` int(11) NOT NULL,
  `course_id` int(11) NOT NULL,
  `question` longblob NOT NULL,
  `files` text NOT NULL,
  `number` int(11) NOT NULL,
  `correct_choice` varchar(1) NOT NULL,
  `date_created` timestamp NOT NULL DEFAULT current_timestamp()
) ENGINE=InnoDB DEFAULT CHARSET=utf8mb4;

--
-- Dumping data for table `questions`
--

INSERT INTO `questions` (`id`, `course_sub_category_id`, `course_id`, `question`, `files`, `number`, `correct_choice`, `date_created`) VALUES
(5, 15, 4, 0x3c703e31202b20313c2f703e3c703e3c696d67207372633d22646174613a696d6167652f6a7065673b6261736536342c2f396a2f34414151536b5a4a5267414241514141415141424141442f3277434541416b47427841544478555145413851456849534542415144784151454241504542414e465255574668595345784d594843676747426f6c47785556495445684a536b744c6934754678387a4f444d734e7967744c69734243676f4b42515546446755464469735a45786b724b7973724b7973724b7973724b7973724b7973724b7973724b7973724b7973724b7973724b7973724b7973724b7973724b7973724b7973724b7973724b7973724b2f2f4141424549414e494138414d4249674143455145444551482f784141624141454141674d42415141414141414141414141414141414151554442415943422f2f45414451514141494241674d464267594341674d42414141414141414241674d524243457842554652635a45534d6b4a686761456955724842306546693843507855334b534d2f2f454142514241514141414141414141414141414141414141414141442f784141554551454141414141414141414141414141414141414141412f396f4144414d42414149524178454150774437554141414141414141414141414141486970556a487653533575774873476e5061564e6158664a572b70686c74586844712f30425a41716e74562f4b76634c61722b566534467143756a7456623439482b6a505478394e373275612f414730447a4361656a54354d3941414141414141414141414141414141414141414141414138314a714b764a325333734430612b49786b495a4e336679724e2b7641723858744755736f586975506966344e4544637237526e4c54345635613954546233734141414141414141414431476f316f7a646f62536b75396d76667161414136436869597930656642366d5935714d6d744378776d3064302b7538433042455a4a71367a52494141414141414141414141414141415046576f6f707962736c7142466574474565314c303474384555654b784d707537303352334c396b5972454f637276547772676a4541414141416d4547335a4b3765695145457767336f6d2b53624c5844624d537a6e6d2f6c384b2f4a7678696b724a4a4c67736b425172425658344836754b2b72457346565867666f302f6f792f41484e5469316c4a4e63303051644c4b4b6173306d75445630562b4b32596e6e547966797675766c77417167544b4c5473315a72564d674141414e7242347878666b584e4f6f704b364f634e7242597077666b426541694d6b3164614d6b4141414141414141414141425337537858616c3256335976724c69622b30735232495a64365753386c766639346c4742494141414143595262646c7179387765465546786b3958396c354774736e442b4e386c39325751414141414141414147726a73497072684a64312f5a2b5252744e4f7a79617961344d3659717473554c4e5646762b475850632f3735415677414141414378325a69632b792f5174546d6f757a755832447264714b65395a4d444f41414141414141414159635856374e4f55743657584e3549436e32685737565238492f437654563954584952494141414359724d673930463853417636454c525338766379414141414141414141414444693666617079583858626d73305a67427a434a4952494141414464325857744b32356d6b54546c5a7067644b4478526e654b66466535374141414141414258625a6e384d59385a5839462f7373536e32784c2f496c776a39572f7741416149414141414165714c2b4a486b4a67644b6e764a4d47437164714338736a4f414141414141414141504d35575466424e3944306165314b765a70746235664375572f322b6f4649695343514141414141433632584f384c634762685637486c716930414141414141425237556638416c664b50304c776f3971662f4146664b503041315141414141414167446532626965793750526c7963776d5765417833686c364d433042435a4941414141434a53535632374a617436414779697832493763377275724b50354d75507833612b4750643376664c3947694249494a4141414141414e2f5a442b50305a626c50736e7638416f7934414141414141425462586a2f6b54347758315a636c5a747148646c357550584e665267566741414147544430584b53697434487643345755336c6b74386e6f76325731444130342b4874506a4c50324d314b6d6f705257692f747a324272597a42786d75445864664479666b5574616c4b44744a5766732f4e4d364d385661555a4b306b6d76376f4253346647796a767575427630747052657161397a4258325539594f2f385a612b6a4e4b70516e4876516b764f313131514632735a542b5a6447524c473031347569624b433475426231647152586469337a795258596a457a6e336e6c7553795339434b65486e4c75776b2f4f316c315a75304e6c76576239493639514e476a526c4a3269722f524c6979377775466a42573162377a342b584979307163597130556b6a324271313842546c75374c34787939744756474b77306f4f7a7a54306b74482b4764435936314a536934793066732b4b41353048717254635a4f4c31543672637a79414141466a736550784e2b58344c55304e6b512b4676693766337162344141414141414e62614e4c74557063563853395031633251427a424a6b784e4c7354636544792f774372304d594174396c556252375739354c6c2f666f564d46646e52556f57696c775875423741414141414141424469743658514b4b334a64435141414141414141414257625a6f354b613366444c6b395066366c596446694b6661684b50464f335064376e4f4943516b4450676150616d6c753338674c6e427774424c7976314d774141414141414141414664746568654b6d745935502f722b7675564a307a57352b76496f4d58683343665a33504f4c38674a774d4c31467a52666e4e3035744f364c33435968546a3537774d34414141414141414141414141414141414141484f346d4e7079584354747975584750786659566c336e6f75486d796a662b2b594175646c304c523754316c70794b374134667479386c6d2b526570415341414141414141414141426778654855343265757358775a6e41484e5467303347537331716a3351724f4c7569347832445531645a53576a342b544b5363576e5a717a57714176734e69564e5a6137305a7a6d36645278643079327775304538705a5069427641684d6b41414141414141414141524a704b37646c766230416b31635a6a464257316c7558335a7259766165366e2f36656e6f6973627537743362316231416d704e79626b336476556d6c54636d6b6c6473696e4274325375336f69387757455546786b3958396b4237773142516a5a657234737a4141414141414141414141414141414131385868497a576554576b6c7176796a5941484f346a447967375357573653305a6a4f6c6c464e5761545431547a5257346e5a652b6d376678656e6f774e53686a4a523065584133364f306f76764b33497171744f555861555775656a35506565414f6a685769394a4c376d513570535a376a586b744a4e636d304230514b46593270387a366b504756506e6c3141767a46557845493679584b39333052517a725365736d2b6262504146725732717642472f6e4c4a644375723469632b38372b5769586f597a315370536b375254664c647a653444795a634e6870546677724c65336f6a66773279393952332f697450566c6a474b53736b6b6c6f6c6f42687775466a425a5a76664a367638497a67414141414141414141414141414141414141414141414553696d724e4a726738306164585a6c4e3658692f34764c6f7a64414652553256507779692b64342f6b777977465665432f4a782f4a6567446e6e68616e2f484c70634c4331502b4f58526e516743686a674b72384675626976755a36657970654b55567976497477427055746d303172655850546f6a636a464a57535358425a496b414141414141414141414141414141414141414141414141414141414141414141414141414141414141414141414141414141414141482f396b3d22207374796c653d2277696474683a2033303070783b2220636c6173733d2266722d6669632066722d6469622066722d66696c223e3c2f703e, '[]', 2, 'B', '2022-06-29 10:22:28'),
(6, 15, 4, 0x3c703e31202b20383c2f703e, '[]', 3, 'B', '2022-06-29 10:22:28'),
(19, 0, 3, 0x3c7461626c6520626f726465723d2231222063656c6c70616464696e673d2230222063656c6c73706163696e673d223022207374796c653d22626f726465722d636f6c6c617073653a636f6c6c617073653b626f726465723a6e6f6e653b223e3c74626f64793e3c74723e3c746420636f6c7370616e3d223822207374796c653d2277696474683a3436372e3570743b626f726465723a736f6c69642077696e646f777465787420312e3070743b70616464696e673a30696e20352e3470742030696e20352e3470743b6865696768743a2e34696e3b222077696474683d2231303025223e3c70207374796c653d226d617267696e2d626f74746f6d3a2e3030303170743b746578742d616c69676e3a63656e7465723b6c696e652d6865696768743a6e6f726d616c3b223e4b4f4c4f4d20313c2f703e3c2f74643e3c2f74723e3c74723e3c7464207374796c653d2277696474683a39332e3570743b626f726465723a736f6c69642077696e646f777465787420312e3070743b626f726465722d746f703a20206e6f6e653b70616464696e673a30696e20352e3470742030696e20352e3470743b6865696768743a2e33696e3b222077696474683d22323025223e3c70207374796c653d226d617267696e2d626f74746f6d3a2e3030303170743b746578742d616c69676e3a63656e7465723b6c696e652d6865696768743a6e6f726d616c3b223e313c2f703e3c2f74643e3c746420636f6c7370616e3d223222207374796c653d2277696474683a39332e3570743b626f726465722d746f703a6e6f6e653b626f726465722d6c6566743a6e6f6e653b626f726465722d626f74746f6d3a736f6c69642077696e646f777465787420312e3070743b626f726465722d72696768743a736f6c69642077696e646f777465787420312e3070743b70616464696e673a30696e20352e3470742030696e20352e3470743b6865696768743a2e33696e3b222077696474683d22323025223e3c70207374796c653d226d617267696e2d626f74746f6d3a2e3030303170743b746578742d616c69676e3a63656e7465723b6c696e652d6865696768743a6e6f726d616c3b223e323c2f703e3c2f74643e3c746420636f6c7370616e3d223222207374796c653d2277696474683a39332e3570743b626f726465722d746f703a6e6f6e653b626f726465722d6c6566743a6e6f6e653b626f726465722d626f74746f6d3a736f6c69642077696e646f777465787420312e3070743b626f726465722d72696768743a736f6c69642077696e646f777465787420312e3070743b70616464696e673a30696e20352e3470742030696e20352e3470743b6865696768743a2e33696e3b222077696474683d22323025223e3c70207374796c653d226d617267696e2d626f74746f6d3a2e3030303170743b746578742d616c69676e3a63656e7465723b6c696e652d6865696768743a6e6f726d616c3b223e333c2f703e3c2f74643e3c746420636f6c7370616e3d223222207374796c653d2277696474683a39332e3570743b626f726465722d746f703a6e6f6e653b626f726465722d6c6566743a6e6f6e653b626f726465722d626f74746f6d3a736f6c69642077696e646f777465787420312e3070743b626f726465722d72696768743a736f6c69642077696e646f777465787420312e3070743b70616464696e673a30696e20352e3470742030696e20352e3470743b6865696768743a2e33696e3b222077696474683d22323025223e3c70207374796c653d226d617267696e2d626f74746f6d3a2e3030303170743b746578742d616c69676e3a63656e7465723b6c696e652d6865696768743a6e6f726d616c3b223e343c2f703e3c2f74643e3c7464207374796c653d2277696474683a39332e3570743b626f726465722d746f703a6e6f6e653b626f726465722d6c6566743a6e6f6e653b626f726465722d626f74746f6d3a736f6c69642077696e646f777465787420312e3070743b626f726465722d72696768743a736f6c69642077696e646f777465787420312e3070743b70616464696e673a30696e20352e3470742030696e20352e3470743b6865696768743a2e33696e3b222077696474683d22323025223e3c70207374796c653d226d617267696e2d626f74746f6d3a2e3030303170743b746578742d616c69676e3a63656e7465723b6c696e652d6865696768743a6e6f726d616c3b223e353c2f703e3c2f74643e3c2f74723e3c74723e3c7464207374796c653d2277696474683a39332e3570743b626f726465723a736f6c69642077696e646f777465787420312e3070743b626f726465722d746f703a20206e6f6e653b70616464696e673a30696e20352e3470742030696e20352e3470743b6865696768743a2e33696e3b222077696474683d22323025223e3c70207374796c653d226d617267696e2d626f74746f6d3a2e3030303170743b746578742d616c69676e3a63656e7465723b6c696e652d6865696768743a6e6f726d616c3b223e413c2f703e3c2f74643e3c746420636f6c7370616e3d223222207374796c653d2277696474683a39332e3570743b626f726465722d746f703a6e6f6e653b626f726465722d6c6566743a6e6f6e653b626f726465722d626f74746f6d3a736f6c69642077696e646f777465787420312e3070743b626f726465722d72696768743a736f6c69642077696e646f777465787420312e3070743b70616464696e673a30696e20352e3470742030696e20352e3470743b6865696768743a2e33696e3b222077696474683d22323025223e3c70207374796c653d226d617267696e2d626f74746f6d3a2e3030303170743b746578742d616c69676e3a63656e7465723b6c696e652d6865696768743a6e6f726d616c3b223e423c2f703e3c2f74643e3c746420636f6c7370616e3d223222207374796c653d2277696474683a39332e3570743b626f726465722d746f703a6e6f6e653b626f726465722d6c6566743a6e6f6e653b626f726465722d626f74746f6d3a736f6c69642077696e646f777465787420312e3070743b626f726465722d72696768743a736f6c69642077696e646f777465787420312e3070743b70616464696e673a30696e20352e3470742030696e20352e3470743b6865696768743a2e33696e3b222077696474683d22323025223e3c70207374796c653d226d617267696e2d626f74746f6d3a2e3030303170743b746578742d616c69676e3a63656e7465723b6c696e652d6865696768743a6e6f726d616c3b223e433c2f703e3c2f74643e3c746420636f6c7370616e3d223222207374796c653d2277696474683a39332e3570743b626f726465722d746f703a6e6f6e653b626f726465722d6c6566743a6e6f6e653b626f726465722d626f74746f6d3a736f6c69642077696e646f777465787420312e3070743b626f726465722d72696768743a736f6c69642077696e646f777465787420312e3070743b70616464696e673a30696e20352e3470742030696e20352e3470743b6865696768743a2e33696e3b222077696474683d22323025223e3c70207374796c653d226d617267696e2d626f74746f6d3a2e3030303170743b746578742d616c69676e3a63656e7465723b6c696e652d6865696768743a6e6f726d616c3b223e443c2f703e3c2f74643e3c7464207374796c653d2277696474683a39332e3570743b626f726465722d746f703a6e6f6e653b626f726465722d6c6566743a6e6f6e653b626f726465722d626f74746f6d3a736f6c69642077696e646f777465787420312e3070743b626f726465722d72696768743a736f6c69642077696e646f777465787420312e3070743b70616464696e673a30696e20352e3470742030696e20352e3470743b6865696768743a2e33696e3b222077696474683d22323025223e3c70207374796c653d226d617267696e2d626f74746f6d3a2e3030303170743b746578742d616c69676e3a63656e7465723b6c696e652d6865696768743a6e6f726d616c3b223e453c2f703e3c2f74643e3c2f74723e3c74723e3c746420636f6c7370616e3d223222207374796c653d2277696474683a3131362e383570743b626f726465723a736f6c69642077696e646f777465787420312e3070743b626f726465722d746f703a6e6f6e653b70616464696e673a30696e20352e3470742030696e20352e3470743b6865696768743a2e33696e3b222077696474683d22323525223e3c70207374796c653d226d617267696e2d626f74746f6d3a2e3030303170743b746578742d616c69676e3a63656e7465723b6c696e652d6865696768743a6e6f726d616c3b223e323c2f703e3c2f74643e3c746420636f6c7370616e3d223222207374796c653d2277696474683a3131362e383570743b626f726465722d746f703a6e6f6e653b626f726465722d6c6566743a20206e6f6e653b626f726465722d626f74746f6d3a736f6c69642077696e646f777465787420312e3070743b626f726465722d72696768743a736f6c69642077696e646f777465787420312e3070743b70616464696e673a30696e20352e3470742030696e20352e3470743b6865696768743a2e33696e3b222077696474683d22323525223e3c70207374796c653d226d617267696e2d626f74746f6d3a2e3030303170743b746578742d616c69676e3a63656e7465723b6c696e652d6865696768743a6e6f726d616c3b223e333c2f703e3c2f74643e3c746420636f6c7370616e3d223222207374796c653d2277696474683a3131362e3970743b626f726465722d746f703a6e6f6e653b626f726465722d6c6566743a20206e6f6e653b626f726465722d626f74746f6d3a736f6c69642077696e646f777465787420312e3070743b626f726465722d72696768743a736f6c69642077696e646f777465787420312e3070743b70616464696e673a30696e20352e3470742030696e20352e3470743b6865696768743a2e33696e3b222077696474683d22323525223e3c70207374796c653d226d617267696e2d626f74746f6d3a2e3030303170743b746578742d616c69676e3a63656e7465723b6c696e652d6865696768743a6e6f726d616c3b223e343c2f703e3c2f74643e3c746420636f6c7370616e3d223222207374796c653d2277696474683a3131362e3970743b626f726465722d746f703a6e6f6e653b626f726465722d6c6566743a20206e6f6e653b626f726465722d626f74746f6d3a736f6c69642077696e646f777465787420312e3070743b626f726465722d72696768743a736f6c69642077696e646f777465787420312e3070743b70616464696e673a30696e20352e3470742030696e20352e3470743b6865696768743a2e33696e3b222077696474683d22323525223e3c70207374796c653d226d617267696e2d626f74746f6d3a2e3030303170743b746578742d616c69676e3a63656e7465723b6c696e652d6865696768743a6e6f726d616c3b223e353c2f703e3c2f74643e3c2f74723e3c2f74626f64793e3c2f7461626c653e, '[]', 1, 'A', '2022-06-30 06:37:43'),
(21, 0, 3, '', '[]', 10, 'C', '2022-06-30 07:41:02'),
(22, 0, 3, '', '[]', 500, 'C', '2022-06-30 07:57:28'),
(23, 0, 3, '', '[]', 401, 'B', '2022-06-30 07:59:42'),
(24, 3, 1, 0x3c703e38202b20363c2f703e, '[]', 1, 'C', '2022-06-29 10:22:28'),
(25, 2, 1, 0x31202b2031, '[]', 2, 'B', '2022-06-29 10:22:28'),
(26, 1, 1, '', '[]', 3, 'C', '2022-06-29 10:22:28'),
(27, 5, 2, 0x38202b2036, '[]', 1, 'C', '2022-06-29 10:22:28'),
(28, 6, 2, 0x31202b2031, '[\"question_2_0_1656498148.jpg\",\"question_2_0_1656530468.jpg\"]', 2, 'B', '2022-06-29 10:22:28'),
(29, 7, 2, '', '[\"question_3_0_1656529343.jpg\",\"question_3_0_1656530394.jpg\",\"question_3_0_1656582641.jpg\"]', 3, 'C', '2022-06-29 10:22:28'),
(30, 15, 4, 0x3c703e746573743c2f703e, '[]', 1, '', '2022-06-29 10:22:28'),
(31, 16, 8, 0x31202b2031, '[]', 1, 'B', '2022-06-29 10:22:28'),
(32, 17, 9, 0x38202b2036, '[]', 1, 'C', '2022-06-29 10:22:28'),
(33, 18, 10, 0x31202b2031, '[]', 1, 'B', '2022-06-29 10:22:28'),
(34, 19, 11, 0x31202b2031, '[]', 1, 'B', '2022-06-29 10:22:28'),
(35, 18, 10, '', '[]', 2, 'B', '2022-07-04 07:04:48'),
(36, 18, 10, '', '[]', 3, 'B', '2022-07-04 07:07:56'),
(37, 19, 11, '', '[]', 2, 'B', '2022-07-04 07:08:26'),
(38, 19, 11, '', '[]', 3, 'B', '2022-07-04 07:08:26'),
(39, 17, 9, '', '[]', 2, 'B', '2022-07-04 07:08:50'),
(40, 17, 9, '', '[]', 3, 'B', '2022-07-04 07:08:50'),
(41, 16, 8, '', '[]', 2, 'B', '2022-07-04 07:18:57'),
(42, 16, 8, '', '[]', 3, '', '2022-07-04 07:18:58'),
(43, 4, 2, 0x74657374, '[]', 4, 'C', '2022-07-04 11:02:35'),
(44, 8, 2, 0x4d6f746976617369, '[]', 5, 'B', '2022-07-04 11:02:35'),
(45, 9, 2, 0x35, '[]', 6, 'C', '2022-07-04 11:02:35'),
(46, 10, 2, 0x36, '[]', 7, 'C', '2022-07-04 11:02:36'),
(47, 11, 2, 0x32, '[]', 8, 'B', '2022-07-04 11:02:36'),
(256, 15, 4, '', '[]', 4, '', '2022-07-09 03:48:30'),
(257, 15, 4, '', '[]', 5, '', '2022-07-09 03:48:30'),
(258, 15, 4, '', '[]', 6, '', '2022-07-09 03:48:30'),
(259, 15, 4, '', '[]', 7, '', '2022-07-09 03:48:30'),
(260, 15, 4, '', '[]', 8, '', '2022-07-09 03:48:30'),
(261, 15, 4, '', '[]', 9, '', '2022-07-09 03:48:30'),
(262, 15, 4, '', '[]', 10, '', '2022-07-09 03:48:30'),
(263, 15, 4, '', '[]', 11, '', '2022-07-09 03:48:30'),
(264, 15, 4, '', '[]', 12, '', '2022-07-09 03:48:30'),
(265, 15, 4, '', '[]', 13, '', '2022-07-09 03:48:30'),
(266, 15, 4, '', '[]', 14, '', '2022-07-09 03:48:30'),
(267, 15, 4, '', '[]', 15, '', '2022-07-09 03:48:30'),
(268, 15, 4, '', '[]', 16, '', '2022-07-09 03:48:30'),
(269, 15, 4, '', '[]', 17, '', '2022-07-09 03:48:30'),
(270, 15, 4, '', '[]', 18, '', '2022-07-09 03:48:30'),
(271, 15, 4, '', '[]', 19, '', '2022-07-09 03:48:30'),
(272, 15, 4, '', '[]', 20, '', '2022-07-09 03:48:30'),
(273, 15, 4, '', '[]', 21, '', '2022-07-09 03:48:30'),
(274, 15, 4, '', '[]', 22, '', '2022-07-09 03:48:30'),
(275, 15, 4, '', '[]', 23, '', '2022-07-09 03:48:30'),
(276, 15, 4, '', '[]', 24, '', '2022-07-09 03:48:30'),
(277, 15, 4, '', '[]', 25, '', '2022-07-09 03:48:30'),
(278, 15, 4, '', '[]', 26, '', '2022-07-09 03:48:30'),
(279, 15, 4, '', '[]', 27, '', '2022-07-09 03:48:30'),
(280, 15, 4, '', '[]', 28, '', '2022-07-09 03:48:30'),
(281, 15, 4, '', '[]', 29, '', '2022-07-09 03:48:30'),
(282, 15, 4, '', '[]', 30, '', '2022-07-09 03:48:30'),
(283, 1, 1, '', '[]', 4, '', '2022-07-09 03:48:58'),
(284, 1, 1, '', '[]', 5, '', '2022-07-09 03:48:58'),
(285, 1, 1, '', '[]', 6, '', '2022-07-09 03:48:58'),
(286, 1, 1, '', '[]', 7, '', '2022-07-09 03:48:58'),
(287, 1, 1, '', '[]', 8, '', '2022-07-09 03:48:58'),
(288, 1, 1, '', '[]', 9, '', '2022-07-09 03:48:58'),
(289, 1, 1, '', '[]', 10, '', '2022-07-09 03:48:58'),
(290, 1, 1, '', '[]', 11, '', '2022-07-09 03:48:58'),
(291, 1, 1, '', '[]', 12, '', '2022-07-09 03:48:58'),
(292, 1, 1, '', '[]', 13, '', '2022-07-09 03:48:58'),
(293, 1, 1, '', '[]', 14, '', '2022-07-09 03:48:59'),
(294, 1, 1, '', '[]', 15, '', '2022-07-09 03:48:59'),
(295, 1, 1, '', '[]', 16, '', '2022-07-09 03:48:59'),
(296, 1, 1, '', '[]', 17, '', '2022-07-09 03:48:59'),
(297, 1, 1, '', '[]', 18, '', '2022-07-09 03:48:59'),
(298, 1, 1, '', '[]', 19, '', '2022-07-09 03:48:59'),
(299, 1, 1, '', '[]', 20, '', '2022-07-09 03:48:59'),
(300, 1, 1, '', '[]', 21, '', '2022-07-09 03:48:59'),
(301, 1, 1, '', '[]', 22, '', '2022-07-09 03:48:59'),
(302, 1, 1, '', '[]', 23, '', '2022-07-09 03:48:59'),
(303, 1, 1, '', '[]', 24, '', '2022-07-09 03:49:00'),
(304, 1, 1, '', '[]', 25, '', '2022-07-09 03:49:00'),
(305, 1, 1, '', '[]', 26, '', '2022-07-09 03:49:00'),
(306, 1, 1, '', '[]', 27, '', '2022-07-09 03:49:00'),
(307, 1, 1, '', '[]', 28, '', '2022-07-09 03:49:00'),
(308, 1, 1, '', '[]', 29, '', '2022-07-09 03:49:00'),
(309, 1, 1, '', '[]', 30, '', '2022-07-09 03:49:00'),
(310, 1, 1, '', '[]', 31, '', '2022-07-09 03:49:00'),
(311, 1, 1, '', '[]', 32, '', '2022-07-09 03:49:00'),
(312, 1, 1, '', '[]', 33, '', '2022-07-09 03:49:00'),
(313, 1, 1, '', '[]', 34, '', '2022-07-09 03:49:00'),
(314, 1, 1, '', '[]', 35, '', '2022-07-09 03:49:00'),
(315, 1, 1, '', '[]', 36, '', '2022-07-09 03:49:00'),
(316, 1, 1, '', '[]', 37, '', '2022-07-09 03:49:00'),
(317, 1, 1, '', '[]', 38, '', '2022-07-09 03:49:00'),
(318, 1, 1, '', '[]', 39, '', '2022-07-09 03:49:00'),
(319, 1, 1, '', '[]', 40, '', '2022-07-09 03:49:00'),
(320, 1, 1, '', '[]', 41, '', '2022-07-09 03:49:01'),
(321, 1, 1, '', '[]', 42, '', '2022-07-09 03:49:01'),
(322, 1, 1, '', '[]', 43, '', '2022-07-09 03:49:01'),
(323, 1, 1, '', '[]', 44, '', '2022-07-09 03:49:01'),
(324, 1, 1, '', '[]', 45, '', '2022-07-09 03:49:01'),
(325, 1, 1, '', '[]', 46, '', '2022-07-09 03:49:01'),
(326, 1, 1, '', '[]', 47, '', '2022-07-09 03:49:01'),
(327, 1, 1, '', '[]', 48, '', '2022-07-09 03:49:01'),
(328, 1, 1, '', '[]', 49, '', '2022-07-09 03:49:01'),
(329, 1, 1, '', '[]', 50, '', '2022-07-09 03:49:01'),
(330, 1, 1, '', '[]', 51, '', '2022-07-09 03:49:01'),
(331, 1, 1, '', '[]', 52, '', '2022-07-09 03:49:01'),
(332, 1, 1, '', '[]', 53, '', '2022-07-09 03:49:01'),
(333, 1, 1, '', '[]', 54, '', '2022-07-09 03:49:01'),
(334, 1, 1, '', '[]', 55, '', '2022-07-09 03:49:01'),
(335, 1, 1, '', '[]', 56, '', '2022-07-09 03:49:01'),
(336, 1, 1, '', '[]', 57, '', '2022-07-09 03:49:01'),
(337, 1, 1, '', '[]', 58, '', '2022-07-09 03:49:01'),
(338, 1, 1, '', '[]', 59, '', '2022-07-09 03:49:01'),
(339, 1, 1, '', '[]', 60, '', '2022-07-09 03:49:01'),
(340, 1, 1, '', '[]', 61, '', '2022-07-09 03:49:01'),
(341, 1, 1, '', '[]', 62, '', '2022-07-09 03:49:01'),
(342, 1, 1, '', '[]', 63, '', '2022-07-09 03:49:01'),
(343, 1, 1, '', '[]', 64, '', '2022-07-09 03:49:01'),
(344, 1, 1, '', '[]', 65, '', '2022-07-09 03:49:01'),
(345, 1, 1, '', '[]', 66, '', '2022-07-09 03:49:02'),
(346, 1, 1, '', '[]', 67, '', '2022-07-09 03:49:02'),
(347, 1, 1, '', '[]', 68, '', '2022-07-09 03:49:02'),
(348, 1, 1, '', '[]', 69, '', '2022-07-09 03:49:02'),
(349, 1, 1, '', '[]', 70, '', '2022-07-09 03:49:02'),
(350, 1, 1, '', '[]', 71, '', '2022-07-09 03:49:02'),
(351, 1, 1, '', '[]', 72, '', '2022-07-09 03:49:02'),
(352, 1, 1, '', '[]', 73, '', '2022-07-09 03:49:02'),
(353, 1, 1, '', '[]', 74, '', '2022-07-09 03:49:02'),
(354, 1, 1, '', '[]', 75, '', '2022-07-09 03:49:02'),
(355, 1, 1, '', '[]', 76, '', '2022-07-09 03:49:02'),
(356, 1, 1, '', '[]', 77, '', '2022-07-09 03:49:02'),
(357, 1, 1, '', '[]', 78, '', '2022-07-09 03:49:02'),
(358, 1, 1, '', '[]', 79, '', '2022-07-09 03:49:02'),
(359, 1, 1, '', '[]', 80, '', '2022-07-09 03:49:02'),
(360, 1, 1, '', '[]', 81, '', '2022-07-09 03:49:02'),
(361, 1, 1, '', '[]', 82, '', '2022-07-09 03:49:02'),
(362, 1, 1, '', '[]', 83, '', '2022-07-09 03:49:02'),
(363, 1, 1, '', '[]', 84, '', '2022-07-09 03:49:02'),
(364, 1, 1, '', '[]', 85, '', '2022-07-09 03:49:02'),
(365, 1, 1, '', '[]', 86, '', '2022-07-09 03:49:02'),
(366, 1, 1, '', '[]', 87, '', '2022-07-09 03:49:02'),
(367, 1, 1, '', '[]', 88, '', '2022-07-09 03:49:02'),
(368, 1, 1, '', '[]', 89, '', '2022-07-09 03:49:02'),
(369, 1, 1, 0x3c703e3c696d67207372633d22646174613a696d6167652f6a7065673b6261736536342c2f396a2f34414151536b5a4a5267414241514141415141424141442f3277434541416b47427841544478555145413851456849534542415144784151454241504542414e465255574668595345784d594843676747426f6c47785556495445684a536b744c6934754678387a4f444d734e7967744c69734243676f4b42515546446755464469735a45786b724b7973724b7973724b7973724b7973724b7973724b7973724b7973724b7973724b7973724b7973724b7973724b7973724b7973724b7973724b7973724b7973724b2f2f4141424549414e494138414d4249674143455145444551482f784141624141454141674d42415141414141414141414141414141414151554442415943422f2f45414451514141494241674d464267594341674d42414141414141414241674d524243457842554652635a45534d6b4a686761456955724842306546693843507855334b534d2f2f454142514241514141414141414141414141414141414141414141442f784141554551454141414141414141414141414141414141414141412f396f4144414d42414149524178454150774437554141414141414141414141414141486970556a487653533575774873476e5061564e6158664a572b70686c74586844712f30425a41716e74562f4b76634c61722b566534467143756a7456623439482b6a505478394e373275612f414730447a4361656a54354d3941414141414141414141414141414141414141414141414138314a714b764a325333734430612b49786b495a4e336679724e2b7641723858744755736f586975506966344e4544637237526e4c54345635613954546233734141414141414141414431476f316f7a646f62536b75396d76667161414136436869597930656642366d5935714d6d744378776d3064302b7538433042455a4a71367a52494141414141414141414141414141415046576f6f707962736c7142466574474565314c303474384555654b784d707537303352334c396b5972454f637276547772676a4541414141416d4547335a4b3765695145457767336f6d2b53624c5844624d537a6e6d2f6c384b2f4a7678696b724a4a4c67736b425172425658344836754b2b72457346565867666f302f6f792f41484e5469316c4a4e63303051644c4b4b6173306d75445630562b4b32596e6e547966797675766c77417167544b4c5473315a72564d674141414e7242347878666b584e4f6f704b364f634e7242597077666b426541694d6b3164614d6b4141414141414141414141425337537858616c3256335976724c69622b30735232495a64365753386c766639346c4742494141414143595262646c7179387765465546786b3958396c354774736e442b4e386c39325751414141414141414147726a73497072684a64312f5a2b5252744e4f7a79617961344d3659717473554c4e5646762b475850632f3735415677414141414378325a69632b792f5174546d6f757a755832447264714b65395a4d444f41414141414141414159635856374e4f55743657584e3549436e32685737565238492f437654563954584952494141414359724d673930463853417636454c525338766379414141414141414141414444693666617079583858626d73305a67427a434a4952494141414464325857744b32356d6b54546c5a7067644b4478526e654b66466535374141414141414258625a6e384d59385a5839462f7373536e32784c2f496c776a39572f7741416149414141414165714c2b4a486b4a67644b6e764a4d47437164714338736a4f414141414141414141504d35575466424e3944306165314b765a70746235664375572f322b6f4649695343514141414141433632584f384c634762685637486c716930414141414141425237556638416c664b50304c776f3971662f4146664b503041315141414141414167446532626965793750526c7963776d5765417833686c364d433042435a4941414141434a53535632374a617436414779697832493763377275724b50354d75507833612b4750643376664c3947694249494a4141414141414e2f5a442b50305a626c50736e7638416f7934414141414141425462586a2f6b54347758315a636c5a747148646c357550584e665267566741414147544430584b53697434487643345755336c6b74386e6f76325731444130342b4874506a4c50324d314b6d6f705257692f747a324272597a42786d75445864664479666b5574616c4b44744a5766732f4e4d364d385661555a4b306b6d76376f4253346647796a767575427630747052657161397a4258325539594f2f385a612b6a4e4b70516e4876516b764f313131514632735a542b5a6447524c473031347569624b433475426231647152586469337a795258596a457a6e336e6c7553795339434b65486e4c75776b2f4f316c315a75304e6c76576239493639514e476a526c4a3269722f524c6979377775466a42573162377a342b584979307163597130556b6a324271313842546c75374c34787939744756474b77306f4f7a7a54306b74482b4764435936314a536934793066732b4b41353048717254635a4f4c31543672637a79414141466a736550784e2b58344c55304e6b512b4676693766337162344141414141414e62614e4c74557063563853395031633251427a424a6b784e4c7354636544792f774372304d594174396c556252375739354c6c2f666f564d46646e52556f57696c775875423741414141414141424469743658514b4b334a64435141414141414141414257625a6f354b613366444c6b395066366c596446694b6661684b50464f335064376e4f4943516b4450676150616d6c753338674c6e427774424c7976314d774141414141414141414664746568654b6d745935502f722b7675564a307a57352b76496f4d58683343665a33504f4c38674a774d4c31467a52666e4e3035744f364c33435968546a3537774d34414141414141414141414141414141414141484f346d4e7079584354747975584750786659566c336e6f75486d796a662b2b594175646c304c523754316c70794b374134667479386c6d2b526570415341414141414141414141426778654855343265757358775a6e41484e5467303347537331716a3351724f4c7569347832445531645a53576a342b544b5363576e5a717a57714176734e69564e5a6137305a7a6d36645278643079327775304538705a5069427641684d6b41414141414141414141524a704b37646c766230416b31635a6a464257316c7558335a7259766165366e2f36656e6f6973627537743362316231416d704e79626b336476556d6c54636d6b6c6473696e4274325375336f69387757455546786b3958396b4237773142516a5a657234737a4141414141414141414141414141414131385868497a576554576b6c7176796a5941484f346a447967375357573653305a6a4f6c6c464e5761545431547a5257346e5a652b6d376678656e6f774e53686a4a523065584133364f306f76764b33497171744f555861555775656a35506565414f6a685769394a4c376d513570535a376a586b744a4e636d304230514b46593270387a366b504756506e6c3141767a46557845493679584b39333052517a725365736d2b6262504146725732717642472f6e4c4a644375723469632b38372b5769586f597a315370536b375254664c647a653444795a634e6870546677724c65336f6a66773279393952332f697450566c6a474b53736b6b6c6f6c6f42687775466a425a5a76664a367638497a67414141414141414141414141414141414141414141414553696d724e4a726738306164585a6c4e3658692f34764c6f7a64414652553256507779692b64342f6b777977465665432f4a782f4a6567446e6e68616e2f484c70634c4331502b4f58526e516743686a674b72384675626976755a36657970654b55567976497477427055746d303172655850546f6a636a464a57535358425a496b414141414141414141414141414141414141414141414141414141414141414141414141414141414141414141414141414141414141482f396b3d22207374796c653d2277696474683a2035343570783b2220636c6173733d2266722d6669632066722d646962223e3c2f703e3c703e546573742047616d6261723c2f703e, '[]', 90, '', '2022-07-09 03:49:03'),
(370, 1, 12, 0x3c703e746573743c2f703e, '[]', 1, 'C', '2022-07-12 02:18:09'),
(371, 1, 12, '', '[]', 2, '', '2022-07-12 02:18:09'),
(372, 1, 12, '', '[]', 3, '', '2022-07-12 02:18:09'),
(373, 1, 12, '', '[]', 4, '', '2022-07-12 02:18:09'),
(374, 1, 12, '', '[]', 5, '', '2022-07-12 02:18:09'),
(375, 1, 12, '', '[]', 6, '', '2022-07-12 02:18:09'),
(376, 1, 12, '', '[]', 7, '', '2022-07-12 02:18:09'),
(377, 1, 12, '', '[]', 8, '', '2022-07-12 02:18:09'),
(378, 1, 12, '', '[]', 9, '', '2022-07-12 02:18:09'),
(379, 1, 12, '', '[]', 10, '', '2022-07-12 02:18:09'),
(380, 1, 12, '', '[]', 11, '', '2022-07-12 02:18:09'),
(381, 1, 12, '', '[]', 12, '', '2022-07-12 02:18:09'),
(382, 1, 12, '', '[]', 13, '', '2022-07-12 02:18:10'),
(383, 1, 12, '', '[]', 14, '', '2022-07-12 02:18:10'),
(384, 1, 12, '', '[]', 15, '', '2022-07-12 02:18:10'),
(385, 1, 12, '', '[]', 16, '', '2022-07-12 02:18:10'),
(386, 1, 12, '', '[]', 17, '', '2022-07-12 02:18:10'),
(387, 1, 12, '', '[]', 18, '', '2022-07-12 02:18:10'),
(388, 1, 12, '', '[]', 19, '', '2022-07-12 02:18:10'),
(389, 1, 12, '', '[]', 20, '', '2022-07-12 02:18:10'),
(390, 1, 12, '', '[]', 21, '', '2022-07-12 02:18:10'),
(391, 1, 12, '', '[]', 22, '', '2022-07-12 02:18:10'),
(392, 1, 12, '', '[]', 23, '', '2022-07-12 02:18:10'),
(393, 1, 12, '', '[]', 24, '', '2022-07-12 02:18:10'),
(394, 1, 12, '', '[]', 25, '', '2022-07-12 02:18:10'),
(395, 1, 12, '', '[]', 26, '', '2022-07-12 02:18:10'),
(396, 1, 12, '', '[]', 27, '', '2022-07-12 02:18:10'),
(397, 1, 12, '', '[]', 28, '', '2022-07-12 02:18:10'),
(398, 1, 12, '', '[]', 29, '', '2022-07-12 02:18:10'),
(399, 1, 12, '', '[]', 30, '', '2022-07-12 02:18:10'),
(400, 1, 12, '', '[]', 31, '', '2022-07-12 02:18:10'),
(401, 1, 12, '', '[]', 32, '', '2022-07-12 02:18:10'),
(402, 1, 12, '', '[]', 33, '', '2022-07-12 02:18:10'),
(403, 1, 12, '', '[]', 34, '', '2022-07-12 02:18:10'),
(404, 1, 12, '', '[]', 35, '', '2022-07-12 02:18:10'),
(405, 1, 12, '', '[]', 36, '', '2022-07-12 02:18:10'),
(406, 1, 12, '', '[]', 37, '', '2022-07-12 02:18:10'),
(407, 1, 12, '', '[]', 38, '', '2022-07-12 02:18:10'),
(408, 1, 12, '', '[]', 39, '', '2022-07-12 02:18:10'),
(409, 1, 12, '', '[]', 40, '', '2022-07-12 02:18:10'),
(410, 1, 12, '', '[]', 41, '', '2022-07-12 02:18:10'),
(411, 1, 12, '', '[]', 42, '', '2022-07-12 02:18:10'),
(412, 1, 12, '', '[]', 43, '', '2022-07-12 02:18:10'),
(413, 1, 12, '', '[]', 44, '', '2022-07-12 02:18:10'),
(414, 1, 12, '', '[]', 45, '', '2022-07-12 02:18:10'),
(415, 1, 12, '', '[]', 46, '', '2022-07-12 02:18:10'),
(416, 1, 12, '', '[]', 47, '', '2022-07-12 02:18:10'),
(417, 1, 12, '', '[]', 48, '', '2022-07-12 02:18:10'),
(418, 1, 12, '', '[]', 49, '', '2022-07-12 02:18:10'),
(419, 1, 12, '', '[]', 50, '', '2022-07-12 02:18:10'),
(420, 1, 12, '', '[]', 51, '', '2022-07-12 02:18:10'),
(421, 1, 12, '', '[]', 52, '', '2022-07-12 02:18:11'),
(422, 1, 12, '', '[]', 53, '', '2022-07-12 02:18:11'),
(423, 1, 12, '', '[]', 54, '', '2022-07-12 02:18:11'),
(424, 1, 12, '', '[]', 55, '', '2022-07-12 02:18:11'),
(425, 1, 12, '', '[]', 56, '', '2022-07-12 02:18:11'),
(426, 1, 12, '', '[]', 57, '', '2022-07-12 02:18:11'),
(427, 1, 12, '', '[]', 58, '', '2022-07-12 02:18:11'),
(428, 1, 12, '', '[]', 59, '', '2022-07-12 02:18:11'),
(429, 1, 12, '', '[]', 60, '', '2022-07-12 02:18:11'),
(430, 1, 12, '', '[]', 61, '', '2022-07-12 02:18:11'),
(431, 1, 12, '', '[]', 62, '', '2022-07-12 02:18:11'),
(432, 1, 12, '', '[]', 63, '', '2022-07-12 02:18:11'),
(433, 1, 12, '', '[]', 64, '', '2022-07-12 02:18:11'),
(434, 1, 12, '', '[]', 65, '', '2022-07-12 02:18:11'),
(435, 1, 12, '', '[]', 66, '', '2022-07-12 02:18:11'),
(436, 1, 12, '', '[]', 67, '', '2022-07-12 02:18:11'),
(437, 1, 12, '', '[]', 68, '', '2022-07-12 02:18:11'),
(438, 1, 12, '', '[]', 69, '', '2022-07-12 02:18:11'),
(439, 1, 12, '', '[]', 70, '', '2022-07-12 02:18:11'),
(440, 1, 12, '', '[]', 71, '', '2022-07-12 02:18:11'),
(441, 1, 12, '', '[]', 72, '', '2022-07-12 02:18:11'),
(442, 1, 12, '', '[]', 73, '', '2022-07-12 02:18:11'),
(443, 1, 12, '', '[]', 74, '', '2022-07-12 02:18:11'),
(444, 1, 12, '', '[]', 75, '', '2022-07-12 02:18:11'),
(445, 1, 12, '', '[]', 76, '', '2022-07-12 02:18:11'),
(446, 1, 12, '', '[]', 77, '', '2022-07-12 02:18:11'),
(447, 1, 12, '', '[]', 78, '', '2022-07-12 02:18:11'),
(448, 1, 12, '', '[]', 79, '', '2022-07-12 02:18:11'),
(449, 1, 12, '', '[]', 80, '', '2022-07-12 02:18:12'),
(450, 1, 12, '', '[]', 81, '', '2022-07-12 02:18:12'),
(451, 1, 12, '', '[]', 82, '', '2022-07-12 02:18:12'),
(452, 1, 12, '', '[]', 83, '', '2022-07-12 02:18:12'),
(453, 1, 12, '', '[]', 84, '', '2022-07-12 02:18:12'),
(454, 1, 12, '', '[]', 85, '', '2022-07-12 02:18:12'),
(455, 1, 12, '', '[]', 86, '', '2022-07-12 02:18:12'),
(456, 1, 12, '', '[]', 87, '', '2022-07-12 02:18:12'),
(457, 1, 12, '', '[]', 88, '', '2022-07-12 02:18:12'),
(458, 1, 12, '', '[]', 89, '', '2022-07-12 02:18:12'),
(459, 1, 12, '', '[]', 90, '', '2022-07-12 02:18:12'),
(460, 15, 13, 0x3c703e746573743c2f703e, '[]', 1, 'C', '2022-07-12 05:07:07'),
(461, 15, 13, '', '[]', 2, '', '2022-07-12 05:07:07'),
(462, 15, 13, '', '[]', 3, '', '2022-07-12 05:07:07'),
(463, 15, 13, '', '[]', 4, '', '2022-07-12 05:07:07'),
(464, 15, 13, '', '[]', 5, '', '2022-07-12 05:07:07'),
(465, 15, 13, '', '[]', 6, '', '2022-07-12 05:07:07'),
(466, 15, 13, '', '[]', 7, '', '2022-07-12 05:07:07'),
(467, 15, 13, '', '[]', 8, '', '2022-07-12 05:07:07'),
(468, 15, 13, '', '[]', 9, '', '2022-07-12 05:07:07'),
(469, 15, 13, '', '[]', 10, '', '2022-07-12 05:07:07'),
(470, 1, 14, 0x3c703e746573743c2f703e3c703e412e20313c2f703e3c703e422e20323c2f703e3c703e432e20333c2f703e3c703e442e20343c2f703e3c703e452e20353c2f703e, '[]', 1, 'B', '2022-07-14 10:12:38');

-- --------------------------------------------------------

--
-- Table structure for table `remember_me`
--

CREATE TABLE `remember_me` (
  `id` int(11) NOT NULL,
  `key` varchar(50) NOT NULL,
  `user_id` int(11) NOT NULL,
  `is_closed` tinyint(4) NOT NULL DEFAULT 0,
  `date_created` timestamp NOT NULL DEFAULT current_timestamp()
) ENGINE=InnoDB DEFAULT CHARSET=utf8mb4;

-- --------------------------------------------------------

--
-- Table structure for table `scores`
--

CREATE TABLE `scores` (
  `id` int(11) NOT NULL,
  `user_id` int(11) NOT NULL,
  `course_id` int(11) NOT NULL,
  `course_package_id` int(11) NOT NULL,
  `date_created` timestamp NOT NULL DEFAULT current_timestamp()
) ENGINE=InnoDB DEFAULT CHARSET=utf8mb4;

--
-- Dumping data for table `scores`
--

INSERT INTO `scores` (`id`, `user_id`, `course_id`, `course_package_id`, `date_created`) VALUES
(38, 3, 4, 1, '2022-07-05 06:52:31'),
(39, 3, 8, 1, '2022-07-05 06:53:16'),
(40, 3, 9, 1, '2022-07-05 06:53:27'),
(43, 3, 2, 1, '2022-07-05 08:17:39'),
(46, 3, 10, 1, '2022-07-05 10:58:13'),
(47, 3, 3, 1, '2022-07-05 11:17:48'),
(51, 3, 1, 1, '2022-07-07 05:34:50'),
(52, 3, 12, 2, '2022-07-12 04:39:31'),
(54, 5, 2, 2, '2022-07-14 10:27:13'),
(55, 5, 3, 2, '2022-07-14 13:31:56');

-- --------------------------------------------------------

--
-- Table structure for table `token_test`
--

CREATE TABLE `token_test` (
  `id` int(11) NOT NULL,
  `token_key` varchar(50) NOT NULL,
  `course_package_id` int(11) NOT NULL,
  `course_id` int(11) NOT NULL,
  `status` tinyint(4) NOT NULL DEFAULT 1,
  `date_created` timestamp NOT NULL DEFAULT current_timestamp()
) ENGINE=InnoDB DEFAULT CHARSET=utf8mb4;

--
-- Dumping data for table `token_test`
--

INSERT INTO `token_test` (`id`, `token_key`, `course_package_id`, `course_id`, `status`, `date_created`) VALUES
(5, 'ZLPIQM', 1, 4, 0, '2022-07-14 08:48:46'),
(6, 'MBQOIJ', 1, 8, 0, '2022-07-14 08:49:48'),
(7, 'JQEMLH', 1, 4, 1, '2022-07-14 08:49:51'),
(8, 'WDIGCM', 1, 8, 1, '2022-07-14 09:06:35'),
(9, 'KNXEZB', 1, 9, 1, '2022-07-14 09:06:36'),
(10, 'ICRPEK', 1, 11, 0, '2022-07-14 09:06:38'),
(11, 'UQBCAP', 1, 11, 1, '2022-07-14 09:06:39'),
(12, 'TMJWOX', 1, 10, 0, '2022-07-14 09:06:41'),
(13, 'ACABOC', 1, 10, 0, '2022-07-14 09:06:43'),
(14, 'FDNYMX', 1, 10, 0, '2022-07-14 09:06:45'),
(15, 'HGDFGX', 1, 10, 1, '2022-07-14 09:06:47'),
(16, 'WHSEAO', 2, 2, 1, '2022-07-14 10:23:18'),
(17, 'TUNNMZ', 2, 3, 1, '2022-07-14 13:30:32');

-- --------------------------------------------------------

--
-- Table structure for table `users`
--

CREATE TABLE `users` (
  `id` int(11) NOT NULL,
  `username` varchar(50) NOT NULL,
  `first_name` varchar(50) NOT NULL,
  `last_name` varchar(50) NOT NULL,
  `email` varchar(150) NOT NULL,
  `password` varchar(255) NOT NULL,
  `profile_image` varchar(50) NOT NULL,
  `user_group_id` int(11) NOT NULL,
  `class_id` int(11) DEFAULT NULL,
  `final_score_psi` float DEFAULT NULL,
  `final_score_aka` float DEFAULT NULL,
  `date_created` timestamp NOT NULL DEFAULT current_timestamp()
) ENGINE=InnoDB DEFAULT CHARSET=utf8mb4;

--
-- Dumping data for table `users`
--

INSERT INTO `users` (`id`, `username`, `first_name`, `last_name`, `email`, `password`, `profile_image`, `user_group_id`, `class_id`, `final_score_psi`, `final_score_aka`, `date_created`) VALUES
(1, 'admin', 'Admin', 'Admin', 'admin@cat.com', '$2y$10$8uC.mtyZqXpRcBxLvqiVCOyPiy.nZo7GndQQcfjc0KV9lVv7dOX/a', '', 1, NULL, NULL, NULL, '2022-06-28 09:31:22'),
(2, 'pengajar', 'Pengajar', 'Pengajar', 'pengajar@cat.com', '$2y$10$5SGkiBT0Xa6hhHIPWSiV/uM2ERJVltuiXguSL8Xn6XSvmwkyyhsNi', '', 2, NULL, NULL, NULL, '2022-06-28 09:31:22'),
(3, 'siswa', 'Siswa', 'Siswa', 'siswa@cat.com', '$2y$10$lJU1WyJoVFoLnvrmnwyabufAUjEtrX.qzG.hqgma3hZOhcMftEEl6', '', 3, 1, 30, 78, '2022-06-28 09:31:22'),
(5, 'siswi', 'siswi', 'siswi', '', '$2y$10$QBRfJzUwT/DiSEqkAuWf9eo8qNTsxtx43pF.aGXKtIainw7L6rUZe', '', 3, 2, NULL, NULL, '2022-07-07 03:24:43');

-- --------------------------------------------------------

--
-- Table structure for table `user_courses`
--

CREATE TABLE `user_courses` (
  `id` int(11) NOT NULL,
  `user_id` int(11) NOT NULL,
  `course_id` int(11) NOT NULL,
  `is_finish` tinyint(4) NOT NULL,
  `date_created` timestamp NOT NULL DEFAULT current_timestamp(),
  `date_finish` timestamp NULL DEFAULT NULL
) ENGINE=InnoDB DEFAULT CHARSET=utf8mb4;

-- --------------------------------------------------------

--
-- Table structure for table `user_groups`
--

CREATE TABLE `user_groups` (
  `id` int(11) NOT NULL,
  `name` varchar(20) NOT NULL,
  `date_created` timestamp NOT NULL DEFAULT current_timestamp()
) ENGINE=InnoDB DEFAULT CHARSET=utf8mb4;

--
-- Dumping data for table `user_groups`
--

INSERT INTO `user_groups` (`id`, `name`, `date_created`) VALUES
(1, 'admin', '2022-06-28 08:39:10'),
(2, 'guru', '2022-06-28 08:39:10'),
(3, 'siswa', '2022-06-28 08:39:10');

--
-- Indexes for dumped tables
--

--
-- Indexes for table `answers`
--
ALTER TABLE `answers`
  ADD PRIMARY KEY (`id`),
  ADD KEY `question_id` (`question_id`),
  ADD KEY `user_id` (`user_id`);

--
-- Indexes for table `classes`
--
ALTER TABLE `classes`
  ADD PRIMARY KEY (`id`);

--
-- Indexes for table `courses`
--
ALTER TABLE `courses`
  ADD PRIMARY KEY (`id`),
  ADD KEY `category_id` (`course_category_id`);

--
-- Indexes for table `course_category`
--
ALTER TABLE `course_category`
  ADD PRIMARY KEY (`id`),
  ADD KEY `course_type_id` (`course_type_id`);

--
-- Indexes for table `course_classes`
--
ALTER TABLE `course_classes`
  ADD PRIMARY KEY (`id`),
  ADD KEY `course_id` (`course_id`),
  ADD KEY `class_id` (`class_id`);

--
-- Indexes for table `course_packages`
--
ALTER TABLE `course_packages`
  ADD PRIMARY KEY (`id`);

--
-- Indexes for table `course_sub_category`
--
ALTER TABLE `course_sub_category`
  ADD PRIMARY KEY (`id`),
  ADD KEY `category_id` (`course_category_id`);

--
-- Indexes for table `course_to_packages`
--
ALTER TABLE `course_to_packages`
  ADD PRIMARY KEY (`id`),
  ADD KEY `course_package_id` (`course_package_id`),
  ADD KEY `course_id` (`course_id`),
  ADD KEY `course_type_id` (`course_type_id`);

--
-- Indexes for table `course_types`
--
ALTER TABLE `course_types`
  ADD PRIMARY KEY (`id`);

--
-- Indexes for table `detail_scores`
--
ALTER TABLE `detail_scores`
  ADD PRIMARY KEY (`id`),
  ADD KEY `score_id` (`score_id`),
  ADD KEY `course_sub_category_id` (`course_sub_category_id`),
  ADD KEY `course_type_id` (`course_type_id`);

--
-- Indexes for table `multiple_choice`
--
ALTER TABLE `multiple_choice`
  ADD PRIMARY KEY (`id`),
  ADD KEY `question_id` (`question_id`);

--
-- Indexes for table `questions`
--
ALTER TABLE `questions`
  ADD PRIMARY KEY (`id`),
  ADD KEY `sub_category_id` (`course_sub_category_id`);

--
-- Indexes for table `remember_me`
--
ALTER TABLE `remember_me`
  ADD PRIMARY KEY (`id`),
  ADD KEY `user_id` (`user_id`);

--
-- Indexes for table `scores`
--
ALTER TABLE `scores`
  ADD PRIMARY KEY (`id`),
  ADD KEY `user_id` (`user_id`),
  ADD KEY `course_id` (`course_id`),
  ADD KEY `course_to_package_id` (`course_package_id`);

--
-- Indexes for table `token_test`
--
ALTER TABLE `token_test`
  ADD PRIMARY KEY (`id`),
  ADD KEY `course_to_package_id` (`course_package_id`),
  ADD KEY `course_id` (`course_id`);

--
-- Indexes for table `users`
--
ALTER TABLE `users`
  ADD PRIMARY KEY (`id`),
  ADD KEY `user_group_id` (`user_group_id`),
  ADD KEY `class_id` (`class_id`);

--
-- Indexes for table `user_courses`
--
ALTER TABLE `user_courses`
  ADD PRIMARY KEY (`id`),
  ADD KEY `user_id` (`user_id`),
  ADD KEY `course_id` (`course_id`);

--
-- Indexes for table `user_groups`
--
ALTER TABLE `user_groups`
  ADD PRIMARY KEY (`id`);

--
-- AUTO_INCREMENT for dumped tables
--

--
-- AUTO_INCREMENT for table `answers`
--
ALTER TABLE `answers`
  MODIFY `id` int(11) NOT NULL AUTO_INCREMENT, AUTO_INCREMENT=2726;

--
-- AUTO_INCREMENT for table `classes`
--
ALTER TABLE `classes`
  MODIFY `id` int(11) NOT NULL AUTO_INCREMENT, AUTO_INCREMENT=4;

--
-- AUTO_INCREMENT for table `courses`
--
ALTER TABLE `courses`
  MODIFY `id` int(11) NOT NULL AUTO_INCREMENT, AUTO_INCREMENT=15;

--
-- AUTO_INCREMENT for table `course_category`
--
ALTER TABLE `course_category`
  MODIFY `id` int(11) NOT NULL AUTO_INCREMENT, AUTO_INCREMENT=9;

--
-- AUTO_INCREMENT for table `course_classes`
--
ALTER TABLE `course_classes`
  MODIFY `id` int(11) NOT NULL AUTO_INCREMENT, AUTO_INCREMENT=4;

--
-- AUTO_INCREMENT for table `course_packages`
--
ALTER TABLE `course_packages`
  MODIFY `id` int(11) NOT NULL AUTO_INCREMENT, AUTO_INCREMENT=5;

--
-- AUTO_INCREMENT for table `course_sub_category`
--
ALTER TABLE `course_sub_category`
  MODIFY `id` int(11) NOT NULL AUTO_INCREMENT, AUTO_INCREMENT=20;

--
-- AUTO_INCREMENT for table `course_to_packages`
--
ALTER TABLE `course_to_packages`
  MODIFY `id` int(11) NOT NULL AUTO_INCREMENT, AUTO_INCREMENT=38;

--
-- AUTO_INCREMENT for table `course_types`
--
ALTER TABLE `course_types`
  MODIFY `id` int(11) NOT NULL AUTO_INCREMENT, AUTO_INCREMENT=3;

--
-- AUTO_INCREMENT for table `detail_scores`
--
ALTER TABLE `detail_scores`
  MODIFY `id` int(11) NOT NULL AUTO_INCREMENT, AUTO_INCREMENT=95;

--
-- AUTO_INCREMENT for table `multiple_choice`
--
ALTER TABLE `multiple_choice`
  MODIFY `id` int(11) NOT NULL AUTO_INCREMENT, AUTO_INCREMENT=2336;

--
-- AUTO_INCREMENT for table `questions`
--
ALTER TABLE `questions`
  MODIFY `id` int(11) NOT NULL AUTO_INCREMENT, AUTO_INCREMENT=471;

--
-- AUTO_INCREMENT for table `remember_me`
--
ALTER TABLE `remember_me`
  MODIFY `id` int(11) NOT NULL AUTO_INCREMENT;

--
-- AUTO_INCREMENT for table `scores`
--
ALTER TABLE `scores`
  MODIFY `id` int(11) NOT NULL AUTO_INCREMENT, AUTO_INCREMENT=56;

--
-- AUTO_INCREMENT for table `token_test`
--
ALTER TABLE `token_test`
  MODIFY `id` int(11) NOT NULL AUTO_INCREMENT, AUTO_INCREMENT=18;

--
-- AUTO_INCREMENT for table `users`
--
ALTER TABLE `users`
  MODIFY `id` int(11) NOT NULL AUTO_INCREMENT, AUTO_INCREMENT=6;

--
-- AUTO_INCREMENT for table `user_courses`
--
ALTER TABLE `user_courses`
  MODIFY `id` int(11) NOT NULL AUTO_INCREMENT;

--
-- AUTO_INCREMENT for table `user_groups`
--
ALTER TABLE `user_groups`
  MODIFY `id` int(11) NOT NULL AUTO_INCREMENT, AUTO_INCREMENT=4;

--
-- Constraints for dumped tables
--

--
-- Constraints for table `detail_scores`
--
ALTER TABLE `detail_scores`
  ADD CONSTRAINT `detail_scores_ibfk_1` FOREIGN KEY (`score_id`) REFERENCES `scores` (`id`) ON DELETE CASCADE ON UPDATE NO ACTION;

--
-- Constraints for table `multiple_choice`
--
ALTER TABLE `multiple_choice`
  ADD CONSTRAINT `multiple_choice_ibfk_1` FOREIGN KEY (`question_id`) REFERENCES `questions` (`id`) ON DELETE CASCADE ON UPDATE NO ACTION;
COMMIT;

/*!40101 SET CHARACTER_SET_CLIENT=@OLD_CHARACTER_SET_CLIENT */;
/*!40101 SET CHARACTER_SET_RESULTS=@OLD_CHARACTER_SET_RESULTS */;
/*!40101 SET COLLATION_CONNECTION=@OLD_COLLATION_CONNECTION */;
